,Id,DistrictId,Rooms,Square,LifeSquare,KitchenSquare,Floor,HouseFloor,HouseYear,Ecology_1,Ecology_2,Ecology_3,Social_1,Social_2,Social_3,Healthcare_1,Helthcare_2,Shops_1,Shops_2
0,4567,44,19.0,20.0,17,10.0,10,25.0,26,0.036122292,B,B,24,4378,22,1036.0,19,19,B
1,5925,62,19.0,21.0,21,17.0,25,25.0,2017,0.072157581,B,B,13,629,19,unknown,22,22,A
2,960,12,13.0,22.0,unknown,25.0,19,19.0,1977,0.211401214,B,B,25,1892,22,unknown,22,19,B
3,3848,23,23.0,23.0,10,18.0,13,13.0,29,0.014072961,B,B,13,475,22,unknown,22,22,B
4,746,74,19.0,24.0,unknown,19.0,14,25.0,1977,0.309479124,B,B,15,7715,15,990.0,22,18,B
5,868,38,23.0,25.0,10,17.0,15,23.0,2011,0.060753049,B,B,10,2787,13,520.0,22,25,B
6,672,62,19.0,24.0,17,21.0,14,25.0,2014,0.072157581,B,B,13,629,19,unknown,22,22,A
7,2471,13,13.0,12.0,25,18.0,15,25.0,33,22.0,B,B,23,7425,19,unknown,13,10,B
8,4510,19,19.0,23.0,18,25.0,17,25.0,2014,0.007122317,B,B,19,264,22,unknown,22,19,B
9,8354,62,13.0,29.0,19,17.0,19,17.0,1981,0.002211665,B,B,14,7614,23,unknown,19,10,A
10,6393,14,19.0,30.0,20,25.0,15,25.0,2009,0.43788524,B,B,23,5735,23,1084.0,22,10,B
11,13270,25,23.0,31.0,unknown,19.0,15,19.0,1977,0.161531741,B,B,25,5648,19,30.0,13,15,B
12,5250,96,15.0,23.0,22,17.0,25,24.0,2014,0.041116354,B,B,53,14892,15,unknown,19,15,B
13,16751,74,19.0,23.0,unknown,19.0,14,25.0,1977,0.075778755,B,B,18,1437,23,unknown,22,13,B
14,11404,12,19.0,10.0,unknown,19.0,24,19.0,1977,0.072157581,B,B,13,629,19,unknown,22,22,A
15,10588,113,13.0,15.0,25,17.0,18,22.0,2004,0.050755569,B,B,24,5469,19,145.0,22,19,B
16,14925,22,13.0,36.0,unknown,19.0,10,25.0,1977,0.118537385,B,B,30,6207,19,1183.0,19,22,B
17,6791,19,23.0,37.0,12,19.0,15,24.0,1977,0.007122317,B,B,19,264,22,unknown,22,19,B
18,16097,57,19.0,38.0,23,23.0,15,17.0,2007,0.133215333,B,B,49,11395,23,1406.0,23,15,A
19,16428,170,23.0,14.0,29,17.0,10,25.0,1990,0.21843974,B,B,21,4472,18,1450.0,15,25,A
20,6945,53,23.0,40.0,unknown,21.0,21,23.0,2017,0.049637257,B,B,10,7759,22,229.0,19,23,B
21,3190,25,13.0,41.0,unknown,19.0,25,19.0,1977,0.161531741,B,B,25,5648,19,30.0,13,15,B
22,15709,24,23.0,25.0,23,19.0,24,19.0,2015,0.041124634,B,B,10,9515,10,unknown,19,17,B
23,13155,41,13.0,43.0,23,18.0,15,25.0,1979,0.394094211,B,B,23,662,22,15,22,22,B
24,7675,13,13.0,44.0,10,14.0,17,23.0,26,0.298204575,B,B,17,4048,23,unknown,19,23,B
25,14686,19,23.0,22.0,15,19.0,18,25.0,1977,0.007122317,B,B,19,264,22,unknown,22,19,B
26,609,25,13.0,10.0,36,10.0,18,10.0,52,0.161531741,B,B,25,5648,19,30.0,13,15,B
27,11155,150,13.0,13.0,37,10.0,15,10.0,29,0.08761909,B,B,14,1497,10,unknown,19,22,B
28,10869,23,23.0,24.0,38,19.0,21,25.0,2015,0.075778755,B,B,18,1437,23,unknown,22,13,B
29,15742,30,13.0,49.0,unknown,19.0,23,25.0,1977,7.81528e-05,B,B,22,6398,141,1046.0,23,23,B
30,9245,19,13.0,25.0,unknown,22.0,15,24.0,1977,0.007122317,B,B,19,264,22,unknown,22,19,B
31,3340,12,23.0,51.0,41,19.0,25,25.0,1977,0.211401214,B,B,25,1892,22,unknown,22,19,B
32,2359,53,13.0,52.0,25,17.0,25,24.0,2020,0.049637257,B,B,10,7759,22,229.0,19,23,B
33,8070,38,13.0,53.0,43,25.0,14,25.0,59,0.060753049,B,B,10,2787,13,520.0,22,25,B
34,13707,19,19.0,54.0,44,25.0,13,25.0,2015,0.007122317,B,B,19,264,22,unknown,22,19,B
35,16079,21,15.0,55.0,22,18.0,18,25.0,26,0.0001696759999999,B,B,36,5992,22,unknown,19,19,B
36,15937,25,15.0,56.0,10,23.0,15,24.0,1997,0.161531741,B,B,25,5648,19,30.0,13,15,B
37,14090,13,19.0,57.0,13,25.0,17,24.0,26,22.0,B,B,23,7425,19,unknown,13,10,B
38,9008,72,13.0,58.0,24,10.0,10,25.0,1980,0.210473241,B,B,21,2398,13,1994.0,23,22,B
39,16384,19,13.0,59.0,49,17.0,18,25.0,2017,0.007122317,B,B,19,264,22,unknown,22,19,B
40,11657,87,23.0,19.0,25,18.0,23,23.0,1980,0.100455735,B,B,43,7227,22,unknown,19,18,A
41,13151,25,19.0,36.0,unknown,22.0,22,25.0,2016,0.069753361,B,B,53,13670,15,unknown,19,21,B
42,8990,12,23.0,62.0,52,18.0,21,25.0,1988,0.211401214,B,B,25,1892,22,unknown,22,19,B
43,11857,21,13.0,63.0,53,10.0,10,10.0,69,0.0001696759999999,B,B,36,5992,22,unknown,19,19,B
44,1565,52,19.0,64.0,54,14.0,15,25.0,1994,0.371148999,B,B,10,7065,19,750.0,13,10,B
45,8174,23,19.0,65.0,unknown,22.0,23,23.0,2016,0.034656082,B,B,22,168,22,unknown,22,22,B
46,9247,67,23.0,66.0,56,25.0,17,25.0,1979,0.100455735,B,B,43,7227,22,unknown,19,18,A
47,10478,18,23.0,67.0,57,19.0,17,19.0,2013,0.243204519,B,B,10,1564,22,540.0,22,22,B
48,15509,12,13.0,68.0,58,17.0,10,25.0,2016,0.011654127,B,B,15,915,22,unknown,22,22,B
49,8306,179,13.0,69.0,59,10.0,18,10.0,75,0.037316452,B,B,23,6748,93,562.0,15,17,B
50,6642,19,13.0,70.0,unknown,19.0,23,25.0,1977,0.007122317,B,B,19,264,22,unknown,22,19,B
51,7472,31,13.0,71.0,36,10.0,25,10.0,77,0.151346216,B,A,23,5889,17,830.0,15,19,B
52,15989,62,19.0,72.0,unknown,22.0,15,22.0,1977,0.072157581,B,B,13,629,19,unknown,22,22,A
53,13682,12,19.0,73.0,63,14.0,24,24.0,2007,0.07542368,B,B,21,3097,22,unknown,22,22,B
54,163,62,23.0,74.0,unknown,19.0,19,23.0,2018,0.072157581,B,B,13,629,19,unknown,22,22,A
55,7076,12,13.0,75.0,unknown,19.0,23,19.0,1977,0.072157581,B,B,13,629,19,unknown,22,22,A
56,7478,167,23.0,76.0,66,15.0,15,15.0,82,0.174739084,B,B,25,3379,25,100.0,22,23,B
57,3029,10,19.0,77.0,67,14.0,21,18.0,2000,0.090799103,B,B,74,19083,13,unknown,10,10,B
58,1814,19,19.0,78.0,68,22.0,15,25.0,1977,0.007122317,B,B,19,264,22,unknown,22,19,B
59,10057,12,19.0,79.0,69,18.0,17,10.0,2018,0.072157581,B,B,13,629,19,unknown,22,22,A
60,15100,23,23.0,80.0,unknown,19.0,15,25.0,1977,0.075778755,B,B,18,1437,23,unknown,22,13,B
61,12694,12,23.0,81.0,71,22.0,14,22.0,2015,0.072157581,B,B,13,629,19,unknown,22,22,A
62,6291,78,19.0,82.0,72,18.0,25,25.0,2002,0.092290642,B,B,21,4346,13,165.0,19,13,B
63,12603,12,23.0,83.0,73,25.0,13,23.0,2014,0.011654127,B,B,15,915,22,unknown,22,22,B
64,3218,38,19.0,84.0,unknown,19.0,14,25.0,2015,0.060753049,B,B,10,2787,13,520.0,22,25,B
65,13456,18,19.0,85.0,75,18.0,25,25.0,2015,0.243204519,B,B,10,1564,22,540.0,22,22,B
66,10170,24,13.0,86.0,76,18.0,23,23.0,1982,0.041124634,B,B,10,9515,10,unknown,19,17,B
67,4530,23,13.0,87.0,77,10.0,23,25.0,2013,0.075778755,B,B,18,1437,23,unknown,22,13,B
68,13329,23,13.0,88.0,78,19.0,13,25.0,1977,0.075778755,B,B,18,1437,23,unknown,22,13,B
69,4820,22,19.0,89.0,unknown,19.0,25,25.0,1977,0.118537385,B,B,30,6207,19,1183.0,19,22,B
70,10896,21,13.0,90.0,80,10.0,23,10.0,96,0.034331497,B,B,25,5487,23,unknown,22,15,B
71,13416,12,19.0,91.0,10,19.0,21,19.0,1977,0.072157581,B,B,13,629,19,unknown,22,22,A
72,2701,29,23.0,92.0,17,10.0,23,10.0,29,0.069660344,B,B,31,6119,15,unknown,19,13,B
73,11265,10,23.0,93.0,25,17.0,24,25.0,2015,0.069753361,B,B,53,13670,15,unknown,19,21,B
74,9189,169,23.0,94.0,18,10.0,25,25.0,1977,0.300322518,B,B,52,10311,18,unknown,19,25,B
75,1858,100,19.0,95.0,19,10.0,23,14.0,101,0.200146802,B,B,23,3975,14,770.0,13,22,B
76,14536,19,23.0,96.0,20,19.0,10,25.0,1977,0.007122317,B,B,19,264,22,unknown,22,19,B
77,6199,55,23.0,97.0,21,17.0,18,25.0,1989,0.041365446,B,B,31,5569,22,unknown,19,15,B
78,14730,14,19.0,98.0,22,18.0,25,25.0,104,0.428825818,B,B,25,5011,14,730.0,22,13,B
79,7510,44,13.0,19.0,23,14.0,18,17.0,1985,0.122190486,B,B,25,4724,13,1308.0,19,23,B
80,15505,96,19.0,100.0,24,25.0,10,25.0,2004,0.041116354,B,B,53,14892,15,unknown,19,15,B
81,7446,100,19.0,101.0,25,18.0,17,25.0,107,0.200146802,B,B,23,3975,14,770.0,13,22,B
82,14016,179,13.0,102.0,24,25.0,25,10.0,96,0.306977489,B,B,12,5148,24,1575.0,10,25,B
83,14113,12,19.0,103.0,12,10.0,18,10.0,1981,0.051815435,B,B,10,1227,22,unknown,22,22,B
84,8721,21,23.0,104.0,23,25.0,10,10.0,110,0.194489265,B,B,13,8004,23,125.0,23,10,B
85,6193,19,23.0,105.0,29,17.0,13,24.0,1999,0.033493708,B,B,66,10573,19,1322.0,23,14,B
86,5717,19,13.0,106.0,30,18.0,15,25.0,26,0.033493708,B,B,66,10573,19,1322.0,23,14,B
87,5427,24,23.0,107.0,31,18.0,14,23.0,1982,0.041124634,B,B,10,9515,10,unknown,19,17,B
88,9520,108,23.0,108.0,23,14.0,23,14.0,77,22.0,B,B,25,5027,15,10,19,19,B
89,6869,12,19.0,109.0,unknown,19.0,17,19.0,1977,0.211401214,B,B,25,1892,22,unknown,22,19,B
90,1658,78,19.0,110.0,10,18.0,18,23.0,26,0.092290642,B,B,21,4346,13,165.0,19,13,B
91,6639,25,13.0,111.0,15,10.0,24,24.0,2008,0.161531741,B,B,25,5648,19,30.0,13,15,B
92,6283,25,13.0,112.0,36,10.0,25,10.0,107,0.035145267,B,B,25,9292,23,2620.0,22,23,B
93,6257,62,19.0,113.0,unknown,22.0,25,22.0,1977,0.072157581,B,B,13,629,19,unknown,22,22,A
94,15235,139,19.0,114.0,38,25.0,14,23.0,26,0.122090347,B,B,29,6566,25,1894.0,15,22,B
95,902,12,23.0,115.0,unknown,22.0,13,22.0,1977,0.07542368,B,B,21,3097,22,unknown,22,22,B
96,8932,25,23.0,116.0,40,18.0,18,25.0,33,0.13012277,B,B,14,1986,22,unknown,22,22,B
97,16469,93,23.0,117.0,41,23.0,14,25.0,2009,0.041116354,B,B,53,14892,15,unknown,19,15,B
98,2825,14,13.0,118.0,25,17.0,10,22.0,2005,0.43788524,B,B,23,5735,23,1084.0,22,10,B
99,6450,20,23.0,119.0,43,10.0,18,25.0,2000,0.019508796,B,B,37,7687,21,176.0,10,10,B
100,11366,18,13.0,120.0,44,17.0,25,25.0,2017,0.243204519,B,B,10,1564,22,540.0,22,22,B
101,3801,78,23.0,121.0,22,17.0,18,24.0,2001,0.092290642,B,B,21,4346,13,165.0,19,13,B
102,11385,148,19.0,122.0,10,25.0,17,23.0,26,0.313924552,B,B,22,4625,21,3855.0,13,17,B
103,1079,10,19.0,123.0,13,17.0,25,22.0,1995,0.069753361,B,B,53,13670,15,unknown,19,21,B
104,3202,191,13.0,124.0,24,25.0,25,17.0,1985,0.127375905,B,B,43,8429,23,unknown,23,25,B
105,676,85,23.0,125.0,49,18.0,14,25.0,1978,0.037177818,B,B,52,11217,19,2300.0,19,25,B
106,6185,37,13.0,126.0,25,25.0,10,17.0,2018,0.178916796,B,B,18,3594,15,192.0,19,10,B
107,7730,18,19.0,127.0,51,14.0,13,24.0,1988,22.0,B,B,30,5562,22,unknown,22,10,A
108,2573,12,13.0,128.0,unknown,19.0,17,25.0,1977,0.017647053,B,B,13,469,22,unknown,22,22,B
109,10978,19,13.0,129.0,unknown,19.0,14,25.0,1977,0.007122317,B,B,19,264,22,unknown,22,19,B
110,10962,25,23.0,130.0,54,17.0,25,24.0,1992,0.161531741,B,B,25,5648,19,30.0,13,15,B
111,8870,151,19.0,131.0,55,17.0,14,23.0,69,0.236108458,B,B,17,3893,12,unknown,23,17,B
112,8496,128,19.0,132.0,56,25.0,10,25.0,1995,22.0,B,B,12,4798,22,30.0,13,14,B
113,5517,31,19.0,133.0,57,15.0,13,15.0,110,0.151346216,B,A,23,5889,17,830.0,15,19,B
114,927,10,19.0,134.0,58,25.0,14,17.0,1986,0.133215333,B,B,49,11395,23,1406.0,23,15,A
115,13675,78,19.0,135.0,59,17.0,19,22.0,2006,0.219006007,B,B,23,6746,23,unknown,19,15,B
116,1499,12,23.0,136.0,19,19.0,25,23.0,2016,0.072157581,B,B,13,629,19,unknown,22,22,A
117,15536,124,23.0,137.0,36,25.0,15,23.0,33,0.16909109,B,B,19,3856,17,unknown,13,10,B
118,8602,114,23.0,138.0,62,18.0,18,25.0,1977,0.327018035,B,B,23,2270,23,2500.0,19,22,B
119,12137,124,23.0,139.0,63,23.0,23,21.0,2005,0.122090347,B,B,29,6566,25,1894.0,15,22,B
120,9865,36,13.0,140.0,64,21.0,19,17.0,1982,0.300322518,B,B,52,10311,18,unknown,19,25,B
121,16353,53,13.0,141.0,unknown,19.0,25,22.0,2016,0.049637257,B,B,10,7759,22,229.0,19,23,B
122,15908,36,13.0,142.0,66,18.0,25,23.0,1977,0.300322518,B,B,52,10311,18,unknown,19,25,B
123,3944,101,13.0,143.0,67,18.0,15,10.0,107,0.225824954,A,B,41,6558,25,1548.0,23,13,B
124,10359,10,13.0,144.0,68,18.0,18,25.0,26,22.0,B,B,13,11319,22,1145.0,23,10,B
125,15158,53,13.0,145.0,69,18.0,17,25.0,75,0.049637257,B,B,10,7759,22,229.0,19,23,B
126,3259,23,13.0,146.0,70,17.0,25,17.0,1981,0.090799103,B,B,74,19083,13,unknown,10,10,B
127,7220,96,23.0,147.0,71,17.0,17,25.0,2003,0.041116354,B,B,53,14892,15,unknown,19,15,B
128,13843,67,13.0,148.0,72,18.0,10,23.0,1980,0.100455735,B,B,43,7227,22,unknown,19,18,A
129,16736,44,13.0,149.0,73,10.0,15,10.0,155,0.122190486,B,B,25,4724,13,1308.0,19,23,B
130,702,10,23.0,150.0,74,18.0,25,25.0,156,22.0,B,B,13,11319,22,1145.0,23,10,B
131,16401,30,19.0,10.0,75,19.0,13,19.0,1977,7.81528e-05,B,B,22,6398,141,1046.0,23,23,B
132,12134,52,13.0,17.0,unknown,19.0,23,17.0,2015,0.371148999,B,B,10,7065,19,750.0,13,10,B
133,6918,23,23.0,25.0,unknown,19.0,18,25.0,1977,0.014072961,B,B,13,475,22,unknown,22,22,B
134,11792,18,19.0,18.0,78,10.0,21,25.0,1977,0.243204519,B,B,10,1564,22,540.0,22,22,B
135,3798,30,13.0,19.0,79,19.0,15,19.0,1977,7.81528e-05,B,B,22,6398,141,1046.0,23,23,B
136,10395,18,19.0,20.0,unknown,19.0,14,19.0,1977,0.243204519,B,B,10,1564,22,540.0,22,22,B
137,11099,19,19.0,21.0,10,25.0,10,25.0,2010,0.025609157,B,B,23,5261,22,240.0,23,19,B
138,7090,94,13.0,22.0,17,10.0,10,10.0,1977,0.282797669,B,B,23,8667,13,unknown,22,18,B
139,11260,10,13.0,23.0,25,10.0,15,10.0,69,22.0,B,B,13,11319,22,1145.0,23,10,B
140,9647,62,23.0,24.0,unknown,19.0,10,23.0,1977,0.072157581,B,B,13,629,19,unknown,22,22,A
141,2903,25,23.0,25.0,unknown,19.0,23,24.0,1977,0.069753361,B,B,53,13670,15,unknown,19,21,B
142,2071,101,13.0,24.0,20,10.0,10,10.0,69,0.225824954,A,B,41,6558,25,1548.0,23,13,B
143,8604,119,23.0,12.0,21,18.0,19,25.0,169,0.033493708,B,B,66,10573,19,1322.0,23,14,B
144,9346,125,13.0,23.0,22,10.0,25,10.0,59,0.040242764,B,B,25,3478,21,2729.0,23,19,B
145,3945,128,13.0,29.0,23,18.0,14,25.0,52,22.0,B,B,12,4798,22,30.0,13,14,B
146,3420,25,19.0,30.0,24,14.0,21,24.0,2010,0.31019913,B,B,21,2748,19,unknown,22,22,B
147,10842,18,19.0,31.0,unknown,19.0,25,25.0,1977,0.243204519,B,B,10,1564,22,540.0,22,22,B
148,725,58,13.0,23.0,24,18.0,18,24.0,52,0.31019913,B,B,21,2748,19,unknown,22,22,B
149,13931,138,13.0,23.0,12,10.0,15,10.0,96,22.0,B,B,36,6714,13,2672.0,22,13,B
150,16330,122,13.0,10.0,23,25.0,10,25.0,1996,0.033493708,B,B,66,10573,19,1322.0,23,14,B
151,9066,59,23.0,15.0,29,17.0,14,25.0,1987,0.019508796,B,B,37,7687,21,176.0,10,10,B
152,3326,10,23.0,36.0,30,17.0,18,25.0,1977,0.090799103,B,B,74,19083,13,unknown,10,10,B
153,1556,10,13.0,37.0,unknown,19.0,10,19.0,1977,0.069753361,B,B,53,13670,15,unknown,19,21,B
154,6579,23,13.0,38.0,23,10.0,19,13.0,180,0.034656082,B,B,22,168,22,unknown,22,22,B
155,13877,12,13.0,14.0,23,17.0,13,10.0,2015,0.07542368,B,B,21,3097,22,unknown,22,22,B
156,9857,10,23.0,40.0,10,17.0,25,17.0,2002,0.069753361,B,B,53,13670,15,unknown,19,21,B
157,7302,62,23.0,41.0,15,14.0,17,25.0,180,0.002211665,B,B,14,7614,23,unknown,19,10,A
158,5684,114,19.0,25.0,36,25.0,18,14.0,69,0.050272014,B,B,21,4231,24,1020.0,22,23,B
159,6513,88,23.0,43.0,37,18.0,23,23.0,33,0.127375905,B,B,43,8429,23,unknown,23,25,B
160,11342,12,19.0,44.0,38,14.0,17,25.0,1977,0.011654127,B,B,15,915,22,unknown,22,22,B
161,16561,21,23.0,22.0,14,10.0,25,25.0,180,0.194489265,B,B,13,8004,23,125.0,23,10,B
162,6885,14,13.0,10.0,40,10.0,10,10.0,180,0.428825818,B,B,25,5011,14,730.0,22,13,B
163,9308,53,19.0,13.0,41,18.0,10,25.0,180,0.313924552,B,B,22,4625,21,3855.0,13,17,B
164,2559,23,13.0,24.0,unknown,22.0,25,22.0,1977,0.075778755,B,B,18,1437,23,unknown,22,13,B
165,6648,23,19.0,49.0,43,14.0,18,25.0,1992,0.090799103,B,B,74,19083,13,unknown,10,10,B
166,15260,118,19.0,25.0,44,18.0,23,10.0,101,0.21843974,B,B,21,4472,18,1450.0,15,25,A
167,5113,41,19.0,51.0,22,25.0,10,24.0,2004,0.175054867,B,B,36,10055,23,unknown,19,22,B
168,16492,88,19.0,52.0,unknown,22.0,18,22.0,1977,0.127375905,B,B,43,8429,23,unknown,23,25,B
169,12034,53,13.0,53.0,13,17.0,17,24.0,2019,0.049637257,B,B,10,7759,22,229.0,19,23,B
170,7248,37,13.0,54.0,24,10.0,25,24.0,196,0.178916796,B,B,18,3594,15,192.0,19,10,B
171,2171,66,13.0,55.0,49,15.0,23,10.0,77,0.161975568,B,A,31,7010,10,4508.0,23,25,B
172,10594,25,13.0,56.0,25,14.0,17,17.0,2008,0.13012277,B,B,14,1986,22,unknown,22,22,B
173,13241,36,19.0,57.0,51,17.0,18,22.0,1998,0.300322518,B,B,52,10311,18,unknown,19,25,B
174,7032,10,19.0,58.0,52,10.0,13,10.0,59,0.133215333,B,B,49,11395,23,1406.0,23,15,A
175,4884,29,19.0,59.0,53,14.0,13,24.0,1977,0.069660344,B,B,31,6119,15,unknown,19,13,B
176,903,10,13.0,19.0,54,13.0,18,24.0,2009,0.158249043,B,B,21,5731,22,unknown,19,22,B
177,162,14,19.0,36.0,55,25.0,24,10.0,1977,0.092290642,B,B,21,4346,13,165.0,19,13,B
178,6566,75,13.0,62.0,56,25.0,18,10.0,204,0.122090347,B,B,29,6566,25,1894.0,15,22,B
179,8249,58,19.0,63.0,57,14.0,17,17.0,2005,0.31019913,B,B,21,2748,19,unknown,22,22,B
180,13106,93,23.0,64.0,58,10.0,19,25.0,196,0.521867054,B,B,25,6149,22,unknown,22,22,B
181,256,18,19.0,65.0,59,19.0,25,19.0,1977,0.243204519,B,B,10,1564,22,540.0,22,22,B
182,7976,23,13.0,66.0,unknown,19.0,17,25.0,1977,0.075778755,B,B,18,1437,23,unknown,22,13,B
183,8575,30,13.0,67.0,36,19.0,25,25.0,1977,7.81528e-05,B,B,22,6398,141,1046.0,23,23,B
184,7591,170,23.0,68.0,62,18.0,15,25.0,59,0.21843974,B,B,21,4472,18,1450.0,15,25,A
185,3204,128,13.0,69.0,unknown,22.0,13,23.0,1977,22.0,B,B,12,4798,22,30.0,13,14,B
186,15804,23,13.0,70.0,64,10.0,15,10.0,96,0.118537385,B,B,30,6207,19,1183.0,19,22,B
187,1525,10,23.0,71.0,65,17.0,23,25.0,1993,0.069753361,B,B,53,13670,15,unknown,19,21,B
188,9038,19,13.0,72.0,unknown,19.0,10,25.0,1977,0.007122317,B,B,19,264,22,unknown,22,19,B
189,13628,44,13.0,73.0,67,10.0,25,10.0,156,0.122190486,B,B,25,4724,13,1308.0,19,23,B
190,10016,44,13.0,74.0,68,18.0,19,25.0,1976,0.122190486,B,B,25,4724,13,1308.0,19,23,B
191,10208,21,23.0,75.0,69,10.0,10,10.0,59,0.038692987,B,B,23,6533,19,1015.0,13,10,B
192,2008,94,13.0,76.0,70,10.0,25,25.0,180,0.127375905,B,B,43,8429,23,unknown,23,25,B
193,13029,90,13.0,77.0,71,25.0,21,23.0,26,0.265088676,B,B,37,5288,22,1937.0,23,13,B
194,5099,18,19.0,78.0,unknown,22.0,18,22.0,1977,0.243204519,B,B,10,1564,22,540.0,22,22,B
195,9923,23,23.0,79.0,73,17.0,25,25.0,1987,0.090799103,B,B,74,19083,13,unknown,10,10,B
196,9461,57,19.0,80.0,74,18.0,13,25.0,1979,0.407276235,A,B,25,1768,22,370.0,22,22,A
197,11086,21,13.0,81.0,75,10.0,25,14.0,59,0.149666373,B,B,22,4789,13,4087.0,15,19,B
198,15057,178,13.0,82.0,76,25.0,15,10.0,224,0.212515361,B,B,19,3293,17,628.0,23,25,B
199,10689,30,13.0,83.0,unknown,19.0,14,25.0,1977,7.81528e-05,B,B,22,6398,141,1046.0,23,23,B
200,2053,14,23.0,84.0,78,18.0,18,25.0,75,0.43788524,B,B,23,5735,23,1084.0,22,10,B
201,16630,72,19.0,85.0,79,25.0,18,25.0,75,0.210473241,B,B,21,2398,13,1994.0,23,22,B
202,4985,23,13.0,86.0,unknown,19.0,15,25.0,1977,0.075778755,B,B,18,1437,23,unknown,22,13,B
203,13881,58,23.0,87.0,10,25.0,10,24.0,156,0.1489038909999999,B,B,25,731,19,1430.0,23,13,B
204,13225,88,19.0,88.0,unknown,22.0,18,22.0,1977,0.127375905,B,B,43,8429,23,unknown,23,25,B
205,5779,23,19.0,89.0,25,19.0,10,15.0,1977,0.034656082,B,B,22,168,22,unknown,22,22,B
206,10262,12,13.0,90.0,unknown,22.0,17,22.0,1977,0.017647053,B,B,13,469,22,unknown,22,22,B
207,10762,55,23.0,91.0,19,18.0,13,25.0,196,0.012338886,B,B,15,5776,19,2078.0,13,15,B
208,9513,24,19.0,92.0,20,25.0,25,25.0,2000,22.0,B,B,36,6714,13,2672.0,22,13,B
209,11128,21,13.0,93.0,21,10.0,10,10.0,96,0.034331497,B,B,25,5487,23,unknown,22,15,B
210,2074,111,23.0,94.0,22,25.0,18,23.0,33,0.135649789,B,B,10,7960,18,350.0,23,21,B
211,933,10,19.0,95.0,unknown,19.0,24,22.0,1977,0.069753361,B,B,53,13670,15,unknown,19,21,B
212,2780,12,13.0,96.0,unknown,19.0,14,25.0,2019,0.072157581,B,B,13,629,19,unknown,22,22,A
213,6594,23,13.0,97.0,unknown,19.0,21,23.0,1977,0.034656082,B,B,22,168,22,unknown,22,22,B
214,15394,67,13.0,98.0,24,21.0,23,19.0,2014,0.0077202819999999,B,B,38,4788,13,unknown,22,15,B
215,14863,58,19.0,19.0,12,18.0,15,23.0,1981,0.43788524,B,B,23,5735,23,1084.0,22,10,B
216,6698,19,13.0,100.0,23,25.0,15,25.0,1990,0.025609157,B,B,23,5261,22,240.0,23,19,B
217,1611,86,23.0,101.0,29,10.0,25,25.0,33,0.161975568,B,A,31,7010,10,4508.0,23,25,B
218,174,25,13.0,102.0,30,10.0,15,10.0,156,0.035145267,B,B,25,9292,23,2620.0,22,23,B
219,5160,58,23.0,103.0,unknown,19.0,13,23.0,1977,0.43788524,B,B,23,5735,23,1084.0,22,10,B
220,3295,69,13.0,104.0,23,17.0,15,17.0,1982,0.093442564,B,B,23,4635,10,3300.0,13,15,B
221,4559,59,13.0,105.0,unknown,22.0,25,22.0,1977,0.019508796,B,B,37,7687,21,176.0,10,10,B
222,8254,29,13.0,106.0,10,10.0,10,10.0,59,0.086885265,B,B,17,2277,13,1547.0,22,22,B
223,10228,12,19.0,107.0,15,19.0,23,10.0,2014,0.211401214,B,B,25,1892,22,unknown,22,19,B
224,13924,25,19.0,108.0,unknown,19.0,13,19.0,1977,0.161531741,B,B,25,5648,19,30.0,13,15,B
225,15341,10,13.0,109.0,37,25.0,21,18.0,1999,0.090799103,B,B,74,19083,13,unknown,10,10,B
226,4353,19,13.0,110.0,unknown,19.0,23,25.0,1977,0.007122317,B,B,19,264,22,unknown,22,19,B
227,4334,23,19.0,111.0,unknown,19.0,23,19.0,1977,0.034656082,B,B,22,168,22,unknown,22,22,B
228,1872,30,13.0,112.0,40,19.0,25,25.0,2016,7.81528e-05,B,B,22,6398,141,1046.0,23,23,B
229,7823,107,19.0,113.0,41,10.0,17,25.0,26,0.050272014,B,B,21,4231,24,1020.0,22,23,B
230,310,12,23.0,114.0,25,22.0,18,25.0,1977,0.072157581,B,B,13,629,19,unknown,22,22,A
231,3704,74,13.0,115.0,43,19.0,25,24.0,1977,0.075778755,B,B,18,1437,23,unknown,22,13,B
232,11615,24,19.0,116.0,44,22.0,18,10.0,2016,0.111627393,B,B,25,12238,14,26,13,23,B
233,6605,23,23.0,117.0,unknown,19.0,25,25.0,1977,0.075778755,B,B,18,1437,23,unknown,22,13,B
234,3381,25,13.0,118.0,10,14.0,21,24.0,1990,0.136244425,B,B,21,2370,22,unknown,22,19,B
235,2143,19,19.0,119.0,unknown,19.0,10,25.0,1977,0.007122317,B,B,19,264,22,unknown,22,19,B
236,3191,91,23.0,120.0,24,25.0,14,23.0,1976,0.333891544,B,B,30,6564,19,unknown,22,22,B
237,13980,18,19.0,121.0,49,23.0,23,25.0,1977,0.243204519,B,B,10,1564,22,540.0,22,22,B
238,15613,23,19.0,122.0,25,10.0,13,10.0,26,0.135649789,B,B,10,7960,18,350.0,23,21,B
239,10943,172,23.0,123.0,51,18.0,19,25.0,75,22.0,B,B,25,1660,14,1786.0,19,10,B
240,9654,24,19.0,124.0,52,17.0,19,23.0,2018,0.23861713,B,B,24,3889,18,705.0,23,18,B
241,16053,25,15.0,125.0,53,22.0,15,22.0,2013,0.093442564,B,B,23,4635,10,3300.0,13,15,B
242,14931,18,23.0,126.0,54,23.0,10,25.0,1977,0.243204519,B,B,10,1564,22,540.0,22,22,B
243,8299,77,23.0,127.0,55,18.0,23,25.0,1976,6.99893e-05,B,B,10,10309,19,240.0,19,17,B
244,2147,71,19.0,128.0,56,14.0,23,24.0,1997,0.033493708,B,B,66,10573,19,1322.0,23,14,B
245,11567,22,23.0,129.0,57,10.0,20,19.0,2012,0.006076152,B,B,30,5285,22,645.0,18,18,B
246,5905,62,19.0,130.0,unknown,19.0,18,19.0,1977,0.072157581,B,B,13,629,19,unknown,22,22,A
247,11160,58,19.0,131.0,59,19.0,15,23.0,1977,0.43788524,B,B,23,5735,23,1084.0,22,10,B
248,8275,19,19.0,132.0,unknown,19.0,14,25.0,1977,0.007122317,B,B,19,264,22,unknown,22,19,B
249,16398,100,19.0,133.0,36,24.0,19,22.0,2012,0.200146802,B,B,23,3975,14,770.0,13,22,B
250,11229,25,13.0,134.0,62,14.0,13,24.0,1996,0.161531741,B,B,25,5648,19,30.0,13,15,B
251,10309,66,19.0,135.0,63,10.0,19,15.0,96,0.111627393,B,B,25,12238,14,26,13,23,B
252,7340,19,23.0,136.0,64,19.0,14,25.0,1977,0.007122317,B,B,19,264,22,unknown,22,19,B
253,7653,187,19.0,137.0,65,14.0,25,25.0,2003,0.041116354,B,B,53,14892,15,unknown,19,15,B
254,272,41,23.0,138.0,66,18.0,23,25.0,180,0.036122292,B,B,24,4378,22,1036.0,19,19,B
255,9831,62,23.0,139.0,67,18.0,15,25.0,1980,0.037177818,B,B,52,11217,19,2300.0,19,25,B
256,5016,23,13.0,140.0,68,25.0,17,25.0,2013,0.075778755,B,B,18,1437,23,unknown,22,13,B
257,5968,23,19.0,141.0,69,22.0,23,25.0,2014,0.034656082,B,B,22,168,22,unknown,22,22,B
258,796,12,23.0,142.0,70,17.0,10,25.0,2017,0.072157581,B,B,13,629,19,unknown,22,22,A
259,12123,18,19.0,143.0,71,25.0,17,25.0,2015,0.243204519,B,B,10,1564,22,540.0,22,22,B
260,16629,151,19.0,144.0,72,18.0,14,25.0,1976,0.236108458,B,B,17,3893,12,unknown,23,17,B
261,2637,130,19.0,145.0,73,10.0,25,25.0,69,0.21843974,B,B,21,4472,18,1450.0,15,25,A
262,6194,56,19.0,146.0,74,14.0,23,25.0,1986,22.0,B,B,23,5067,15,unknown,13,18,B
263,6216,181,13.0,147.0,75,14.0,23,17.0,1976,22.0,B,B,30,7538,87,4702.0,10,10,B
264,14346,83,19.0,148.0,76,14.0,13,23.0,1979,0.0077202819999999,B,B,38,4788,13,unknown,22,15,B
265,6428,25,19.0,149.0,77,19.0,23,19.0,1977,0.161531741,B,B,25,5648,19,30.0,13,15,B
266,2891,38,19.0,150.0,78,19.0,17,23.0,1977,0.060753049,B,B,10,2787,13,520.0,22,25,B
267,84,24,19.0,10.0,79,10.0,15,25.0,1981,0.041124634,B,B,10,9515,10,unknown,19,17,B
268,9260,90,13.0,17.0,80,25.0,18,25.0,69,0.246031548,B,A,22,3151,15,2715.0,23,23,B
269,15250,41,19.0,25.0,10,23.0,25,25.0,196,0.175054867,B,B,36,10055,23,unknown,19,22,B
270,2348,128,19.0,18.0,17,23.0,23,18.0,2002,22.0,B,B,12,4798,22,30.0,13,14,B
271,10427,78,13.0,19.0,25,21.0,17,22.0,2006,0.092290642,B,B,21,4346,13,165.0,19,13,B
272,13230,74,13.0,20.0,18,19.0,23,24.0,1977,0.075778755,B,B,18,1437,23,unknown,22,13,B
273,1691,75,19.0,21.0,19,19.0,21,19.0,2014,0.122090347,B,B,29,6566,25,1894.0,15,22,B
274,8803,18,19.0,22.0,20,17.0,10,25.0,2013,0.243204519,B,B,10,1564,22,540.0,22,22,B
275,5464,93,13.0,23.0,21,23.0,25,25.0,2016,0.050900058,B,B,43,10621,19,30.0,13,23,B
276,10559,12,19.0,24.0,22,19.0,23,25.0,2016,0.011654127,B,B,15,915,22,unknown,22,22,B
277,16787,55,23.0,25.0,23,14.0,23,24.0,1989,0.041365446,B,B,31,5569,22,unknown,19,15,B
278,4278,87,19.0,24.0,24,18.0,13,25.0,1980,0.100455735,B,B,43,7227,22,unknown,19,18,A
279,6183,21,13.0,12.0,25,10.0,23,10.0,59,0.194489265,B,B,13,8004,23,125.0,23,10,B
280,12775,96,19.0,23.0,24,14.0,23,24.0,2011,0.041116354,B,B,53,14892,15,unknown,19,15,B
281,10104,83,19.0,29.0,12,14.0,13,24.0,1986,0.0077202819999999,B,B,38,4788,13,unknown,22,15,B
282,13663,93,13.0,30.0,23,14.0,18,24.0,1988,0.521867054,B,B,25,6149,22,unknown,22,22,B
283,9404,161,13.0,31.0,29,25.0,18,25.0,1996,0.0006991189999999,B,B,24,3369,24,4129.0,22,23,B
284,14724,146,19.0,23.0,30,14.0,25,17.0,1981,0.236108458,B,B,17,3893,12,unknown,23,17,B
285,10040,62,13.0,23.0,unknown,19.0,14,19.0,1977,0.072157581,B,B,13,629,19,unknown,22,22,A
286,4646,18,13.0,10.0,unknown,22.0,24,25.0,1977,0.243204519,B,B,10,1564,22,540.0,22,22,B
287,4754,91,19.0,15.0,23,25.0,25,25.0,156,0.333891544,B,B,30,6564,19,unknown,22,22,B
288,3310,18,23.0,36.0,unknown,19.0,18,25.0,1977,0.243204519,B,B,10,1564,22,540.0,22,22,B
289,2003,14,13.0,37.0,15,10.0,15,25.0,1976,0.092290642,B,B,21,4346,13,165.0,19,13,B
290,7312,95,19.0,38.0,36,10.0,14,25.0,69,22.0,B,B,25,1660,14,1786.0,19,10,B
291,10921,194,13.0,14.0,37,10.0,25,25.0,1977,0.174739084,B,B,25,3379,25,100.0,22,23,B
292,13419,10,23.0,40.0,38,25.0,25,23.0,26,0.188783766,B,B,31,6137,15,unknown,22,19,B
293,10105,24,19.0,41.0,14,18.0,15,25.0,1979,22.0,B,B,36,6714,13,2672.0,22,13,B
294,2196,52,15.0,25.0,40,17.0,15,22.0,2005,0.371148999,B,B,10,7065,19,750.0,13,10,B
295,12659,19,23.0,43.0,unknown,19.0,10,25.0,1977,0.007122317,B,B,19,264,22,unknown,22,19,B
296,4380,167,13.0,44.0,25,10.0,15,25.0,96,0.050272014,B,B,21,4231,24,1020.0,22,23,B
297,10847,23,13.0,22.0,unknown,19.0,25,25.0,1977,0.075778755,B,B,18,1437,23,unknown,22,13,B
298,10805,24,13.0,10.0,44,14.0,23,17.0,1983,0.041124634,B,B,10,9515,10,unknown,19,17,B
299,8709,23,13.0,13.0,unknown,19.0,18,23.0,2013,0.034656082,B,B,22,168,22,unknown,22,22,B
300,8319,18,13.0,24.0,unknown,23.0,21,25.0,1977,0.243204519,B,B,10,1564,22,540.0,22,22,B
301,2215,29,13.0,49.0,13,10.0,23,10.0,155,0.069660344,B,B,31,6119,15,unknown,19,13,B
302,7000,72,13.0,25.0,24,25.0,15,25.0,59,0.210473241,B,B,21,2398,13,1994.0,23,22,B
303,7701,23,13.0,51.0,49,22.0,23,23.0,2017,0.034656082,B,B,22,168,22,unknown,22,22,B
304,9678,25,13.0,52.0,unknown,17.0,17,25.0,2016,0.161531741,B,B,25,5648,19,30.0,13,15,B
305,14026,71,13.0,53.0,51,17.0,23,22.0,1985,0.407276235,A,B,25,1768,22,370.0,22,22,A
306,7971,96,19.0,54.0,52,25.0,14,17.0,1997,0.041116354,B,B,53,14892,15,unknown,19,15,B
307,13734,19,19.0,55.0,unknown,19.0,15,24.0,1977,0.007122317,B,B,19,264,22,unknown,22,19,B
308,16483,29,13.0,56.0,54,18.0,15,10.0,77,0.040242764,B,B,25,3478,21,2729.0,23,19,B
309,6150,18,23.0,57.0,55,19.0,25,25.0,1977,0.243204519,B,B,10,1564,22,540.0,22,22,B
310,2931,24,23.0,58.0,56,18.0,10,23.0,1980,0.041124634,B,B,10,9515,10,unknown,19,17,B
311,5418,62,13.0,59.0,unknown,19.0,17,25.0,1977,0.072157581,B,B,13,629,19,unknown,22,22,A
312,1662,144,23.0,19.0,58,23.0,17,25.0,2004,0.306977489,B,B,12,5148,24,1575.0,10,25,B
313,2441,18,23.0,36.0,59,23.0,24,19.0,1977,0.243204519,B,B,10,1564,22,540.0,22,22,B
314,669,25,19.0,62.0,19,13.0,15,25.0,169,0.130617806,B,B,14,10418,25,900.0,19,25,B
315,7734,129,19.0,63.0,36,25.0,21,23.0,69,0.020741326,B,B,24,5613,10,1340.0,13,10,B
316,6010,72,13.0,64.0,62,19.0,23,23.0,2019,0.210473241,B,B,21,2398,13,1994.0,23,22,B
317,266,12,19.0,65.0,63,19.0,10,19.0,1977,0.072157581,B,B,13,629,19,unknown,22,22,A
318,632,12,19.0,66.0,unknown,19.0,25,25.0,1977,0.017647053,B,B,13,469,22,unknown,22,22,B
319,16221,23,23.0,67.0,unknown,19.0,23,23.0,1977,0.005767451,B,B,19,388,22,unknown,22,22,B
320,11832,96,19.0,68.0,66,14.0,25,25.0,1994,0.041116354,B,B,53,14892,15,unknown,19,15,B
321,5035,62,19.0,69.0,67,21.0,14,25.0,2011,0.072157581,B,B,13,629,19,unknown,22,22,A
322,37,12,19.0,70.0,68,19.0,23,25.0,1977,0.072157581,B,B,13,629,19,unknown,22,22,A
323,6168,119,13.0,71.0,69,10.0,23,10.0,155,0.000995363,B,B,25,7651,19,unknown,19,10,B
324,11757,29,13.0,72.0,70,10.0,23,10.0,59,0.069660344,B,B,31,6119,15,unknown,19,13,B
325,8086,30,19.0,73.0,unknown,19.0,23,25.0,1977,7.81528e-05,B,B,22,6398,141,1046.0,23,23,B
326,6529,85,23.0,74.0,72,18.0,10,25.0,1978,0.037177818,B,B,52,11217,19,2300.0,19,25,B
327,15121,93,23.0,75.0,unknown,19.0,23,13.0,1977,0.004949358,B,B,22,186,22,unknown,22,22,B
328,13904,19,19.0,76.0,unknown,19.0,18,25.0,1977,0.007122317,B,B,19,264,22,unknown,22,19,B
329,3711,94,19.0,77.0,75,17.0,10,10.0,2014,0.282797669,B,B,23,8667,13,unknown,22,18,B
330,16563,52,19.0,78.0,76,19.0,15,17.0,2015,0.371148999,B,B,10,7065,19,750.0,13,10,B
331,14494,52,13.0,79.0,77,22.0,25,25.0,1977,0.371148999,B,B,10,7065,19,750.0,13,10,B
332,3006,66,13.0,80.0,78,10.0,25,25.0,169,0.111627393,B,B,25,12238,14,26,13,23,B
333,15299,19,19.0,81.0,unknown,19.0,21,19.0,1977,0.014580716,B,B,23,760,19,unknown,22,22,B
334,92,21,23.0,82.0,80,25.0,23,23.0,169,0.194489265,B,B,13,8004,23,125.0,23,10,B
335,8066,71,13.0,83.0,10,14.0,23,23.0,1984,0.407276235,A,B,25,1768,22,370.0,22,22,A
336,16071,19,13.0,84.0,unknown,19.0,20,20.0,1977,0.007122317,B,B,19,264,22,unknown,22,19,B
337,10662,29,19.0,85.0,25,23.0,10,10.0,196,0.069660344,B,B,31,6119,15,unknown,19,13,B
338,3883,23,13.0,86.0,18,17.0,25,25.0,1984,0.050900058,B,B,43,10621,19,30.0,13,23,B
339,5511,52,19.0,87.0,19,19.0,21,25.0,1977,0.371148999,B,B,10,7065,19,750.0,13,10,B
340,2821,19,23.0,88.0,20,17.0,23,25.0,1989,0.025609157,B,B,23,5261,22,240.0,23,19,B
341,9570,129,19.0,89.0,21,25.0,21,17.0,1979,0.460556389,B,B,20,4386,24,unknown,19,10,B
342,4326,98,13.0,90.0,22,25.0,19,17.0,1983,0.089039719,B,B,23,7976,10,unknown,22,21,B
343,9251,19,23.0,91.0,unknown,17.0,10,25.0,2018,0.007122317,B,B,19,264,22,unknown,22,19,B
344,9031,92,13.0,92.0,24,25.0,18,23.0,52,0.460556389,B,B,20,4386,24,unknown,19,10,B
345,12689,36,19.0,93.0,25,17.0,24,25.0,2013,0.300322518,B,B,52,10311,18,unknown,19,25,B
346,16380,22,23.0,94.0,24,18.0,18,10.0,155,0.014423114,B,B,19,3806,15,unknown,22,23,B
347,1053,22,13.0,95.0,12,25.0,17,17.0,2001,0.118537385,B,B,30,6207,19,1183.0,19,22,B
348,4568,54,13.0,96.0,23,10.0,15,10.0,107,0.006076152,B,B,30,5285,22,645.0,18,18,B
349,16140,12,19.0,97.0,unknown,19.0,17,25.0,1977,0.011654127,B,B,15,915,22,unknown,22,22,B
350,14356,54,13.0,98.0,30,19.0,17,14.0,2014,0.006076152,B,B,30,5285,22,645.0,18,18,B
351,8466,18,13.0,19.0,unknown,22.0,10,25.0,1977,0.243204519,B,B,10,1564,22,540.0,22,22,B
352,15652,25,19.0,100.0,23,14.0,17,24.0,1995,0.161531741,B,B,25,5648,19,30.0,13,15,B
353,3285,12,19.0,101.0,unknown,19.0,23,22.0,2017,0.072157581,B,B,13,629,19,unknown,22,22,A
354,3198,13,19.0,102.0,10,18.0,18,25.0,1978,6.99893e-05,B,B,10,10309,19,240.0,19,17,B
355,14088,123,23.0,103.0,15,21.0,15,14.0,2005,22.0,B,B,18,2733,22,920.0,22,15,B
356,2268,58,19.0,104.0,36,22.0,10,25.0,1977,0.43788524,B,B,23,5735,23,1084.0,22,10,B
357,15472,19,13.0,105.0,unknown,23.0,23,22.0,1977,0.007122317,B,B,19,264,22,unknown,22,19,B
358,1203,58,23.0,106.0,38,22.0,25,25.0,1977,0.43788524,B,B,23,5735,23,1084.0,22,10,B
359,7157,78,23.0,107.0,14,23.0,17,25.0,1977,0.092290642,B,B,21,4346,13,165.0,19,13,B
360,6886,155,19.0,108.0,40,25.0,25,23.0,52,0.042307271,B,B,25,2810,25,4849.0,23,18,B
361,5083,10,23.0,109.0,41,18.0,14,25.0,75,22.0,B,B,13,11319,22,1145.0,23,10,B
362,7467,12,19.0,110.0,unknown,22.0,22,25.0,1977,0.072157581,B,B,13,629,19,unknown,22,22,A
363,14068,14,13.0,111.0,43,14.0,25,17.0,1982,0.458174486,B,A,24,4439,19,1130.0,19,10,B
364,2080,19,13.0,112.0,44,10.0,18,10.0,156,0.033493708,B,B,66,10573,19,1322.0,23,14,B
365,10865,19,19.0,113.0,unknown,19.0,24,24.0,1977,0.007122317,B,B,19,264,22,unknown,22,19,B
366,13516,41,19.0,114.0,10,25.0,14,23.0,156,0.175054867,B,B,36,10055,23,unknown,19,22,B
367,14150,13,13.0,115.0,13,10.0,18,23.0,169,0.130617806,B,B,14,10418,25,900.0,19,25,B
368,7609,23,13.0,116.0,unknown,17.0,10,20.0,1977,0.034656082,B,B,22,168,22,unknown,22,22,B
369,2144,180,23.0,117.0,49,25.0,15,15.0,110,0.037316452,B,B,23,6748,93,562.0,15,17,B
370,10357,124,13.0,118.0,25,10.0,13,10.0,96,0.16909109,B,B,19,3856,17,unknown,13,10,B
371,2396,58,23.0,119.0,51,25.0,23,24.0,26,0.1489038909999999,B,B,25,731,19,1430.0,23,13,B
372,1526,152,23.0,120.0,52,18.0,23,10.0,398,0.042031587,B,B,37,6856,84,1940.0,13,10,B
373,10890,21,13.0,121.0,53,14.0,14,24.0,2006,0.0001696759999999,B,B,36,5992,22,unknown,19,19,B
374,8638,25,10.0,122.0,54,19.0,24,25.0,2016,0.069753361,B,B,53,13670,15,unknown,19,21,B
375,6050,67,23.0,123.0,55,18.0,23,23.0,1978,0.0077202819999999,B,B,38,4788,13,unknown,22,15,B
376,7639,12,19.0,124.0,unknown,19.0,25,19.0,1977,0.211401214,B,B,25,1892,22,unknown,22,19,B
377,10544,105,19.0,125.0,57,17.0,25,23.0,69,0.040242764,B,B,25,3478,21,2729.0,23,19,B
378,9577,19,23.0,126.0,58,10.0,25,25.0,180,0.309479124,B,B,15,7715,15,990.0,22,18,B
379,13195,18,23.0,127.0,unknown,19.0,10,25.0,1977,0.243204519,B,B,10,1564,22,540.0,22,22,B
380,3484,85,23.0,128.0,19,18.0,25,25.0,1977,0.037177818,B,B,52,11217,19,2300.0,19,25,B
381,16668,10,23.0,129.0,36,23.0,17,23.0,2013,0.069753361,B,B,53,13670,15,unknown,19,21,B
382,7171,18,13.0,130.0,62,23.0,13,25.0,1977,0.243204519,B,B,10,1564,22,540.0,22,22,B
383,8547,14,13.0,131.0,63,14.0,17,24.0,1990,0.458174486,B,A,24,4439,19,1130.0,19,10,B
384,12735,19,13.0,132.0,64,25.0,23,23.0,1976,0.033493708,B,B,66,10573,19,1322.0,23,14,B
385,9093,24,13.0,133.0,65,10.0,15,10.0,29,22.0,B,B,36,6714,13,2672.0,22,13,B
386,15323,131,13.0,134.0,66,25.0,17,25.0,59,22.0,B,B,23,3684,13,unknown,22,15,B
387,14897,23,19.0,135.0,67,18.0,14,25.0,196,0.050900058,B,B,43,10621,19,30.0,13,23,B
388,5135,30,19.0,136.0,68,19.0,23,22.0,2016,7.81528e-05,B,B,22,6398,141,1046.0,23,23,B
389,5327,36,23.0,137.0,69,18.0,10,25.0,1976,0.300322518,B,B,52,10311,18,unknown,19,25,B
390,13133,36,23.0,138.0,70,18.0,25,25.0,156,0.298204575,B,B,17,4048,23,unknown,19,23,B
391,1676,25,13.0,139.0,71,25.0,24,17.0,1981,22.0,B,B,18,3374,10,620.0,19,13,B
392,16296,53,13.0,140.0,72,17.0,19,24.0,2019,0.049637257,B,B,10,7759,22,229.0,19,23,B
393,1095,12,13.0,141.0,73,19.0,25,23.0,2017,0.011654127,B,B,15,915,22,unknown,22,22,B
394,12528,21,19.0,142.0,74,18.0,10,18.0,104,0.034331497,B,B,25,5487,23,unknown,22,15,B
395,7348,53,13.0,143.0,75,19.0,14,19.0,2017,0.049637257,B,B,10,7759,22,229.0,19,23,B
396,11663,25,19.0,144.0,76,25.0,17,25.0,2006,0.158249043,B,B,21,5731,22,unknown,19,22,B
397,1803,124,13.0,145.0,77,10.0,15,10.0,69,0.122090347,B,B,29,6566,25,1894.0,15,22,B
398,1510,88,23.0,146.0,78,10.0,25,25.0,33,0.127375905,B,B,43,8429,23,unknown,23,25,B
399,16045,12,13.0,147.0,unknown,17.0,24,25.0,2016,0.072157581,B,B,13,629,19,unknown,22,22,A
400,2900,29,19.0,148.0,80,10.0,10,10.0,107,0.069660344,B,B,31,6119,15,unknown,19,13,B
401,3236,57,13.0,149.0,10,10.0,15,10.0,26,0.133215333,B,B,49,11395,23,1406.0,23,15,A
402,1318,161,13.0,150.0,17,17.0,18,20.0,2013,0.0006991189999999,B,B,24,3369,24,4129.0,22,23,B
403,14948,83,13.0,10.0,25,25.0,23,23.0,1978,0.0077202819999999,B,B,38,4788,13,unknown,22,15,B
404,7840,10,23.0,17.0,18,25.0,15,15.0,104,0.188783766,B,B,31,6137,15,unknown,22,19,B
405,15325,25,13.0,25.0,19,19.0,15,19.0,1977,0.161531741,B,B,25,5648,19,30.0,13,15,B
406,8700,23,19.0,18.0,20,10.0,23,23.0,2011,0.014072961,B,B,13,475,22,unknown,22,22,B
407,15706,94,13.0,19.0,21,18.0,14,25.0,26,0.282797669,B,B,23,8667,13,unknown,22,18,B
408,14449,25,19.0,20.0,22,25.0,10,25.0,2016,0.069753361,B,B,53,13670,15,unknown,19,21,B
409,16117,30,13.0,21.0,unknown,19.0,24,22.0,1977,7.81528e-05,B,B,22,6398,141,1046.0,23,23,B
410,4529,101,19.0,22.0,24,14.0,21,25.0,1988,0.225824954,A,B,41,6558,25,1548.0,23,13,B
411,11199,41,13.0,23.0,25,10.0,25,25.0,169,0.175054867,B,B,36,10055,23,unknown,19,22,B
412,4052,19,23.0,24.0,unknown,22.0,25,22.0,1977,0.007122317,B,B,19,264,22,unknown,22,19,B
413,821,10,13.0,25.0,12,18.0,25,25.0,169,22.0,B,B,13,11319,22,1145.0,23,10,B
414,68,25,13.0,24.0,23,21.0,17,24.0,2007,0.158249043,B,B,21,5731,22,unknown,19,22,B
415,554,62,19.0,12.0,29,21.0,15,25.0,2016,0.072157581,B,B,13,629,19,unknown,22,22,A
416,452,75,19.0,23.0,30,17.0,17,17.0,1988,0.307466659,B,A,30,5048,25,325.0,13,10,B
417,11394,70,23.0,29.0,31,25.0,23,24.0,1997,0.002211665,B,B,14,7614,23,unknown,19,10,A
418,11393,12,13.0,30.0,23,17.0,10,17.0,2005,0.07542368,B,B,21,3097,22,unknown,22,22,B
419,9535,19,19.0,31.0,unknown,22.0,10,22.0,1977,0.007122317,B,B,19,264,22,unknown,22,19,B
420,4024,83,19.0,23.0,10,14.0,10,25.0,1987,0.0077202819999999,B,B,38,4788,13,unknown,22,15,B
421,10069,85,23.0,23.0,15,18.0,17,25.0,1977,0.037177818,B,B,52,11217,19,2300.0,19,25,B
422,12007,29,19.0,10.0,36,10.0,10,10.0,75,0.069660344,B,B,31,6119,15,unknown,19,13,B
423,12368,64,13.0,15.0,37,21.0,21,24.0,2003,0.135649789,B,B,10,7960,18,350.0,23,21,B
424,1259,53,23.0,36.0,38,19.0,20,18.0,2017,0.049637257,B,B,10,7759,22,229.0,19,23,B
425,1124,25,23.0,37.0,14,14.0,25,23.0,1985,0.035145267,B,B,25,9292,23,2620.0,22,23,B
426,3707,21,13.0,38.0,40,18.0,23,25.0,196,0.012338886,B,B,15,5776,19,2078.0,13,15,B
427,8767,84,19.0,14.0,41,25.0,25,23.0,75,0.006076152,B,B,30,5285,22,645.0,18,18,B
428,1919,21,19.0,40.0,25,17.0,23,23.0,169,0.038692987,B,B,23,6533,19,1015.0,13,10,B
429,16741,19,19.0,41.0,43,18.0,14,25.0,1976,0.012338886,B,B,15,5776,19,2078.0,13,15,B
430,6664,53,13.0,25.0,44,17.0,17,24.0,2018,0.049637257,B,B,10,7759,22,229.0,19,23,B
431,5688,22,13.0,43.0,unknown,19.0,14,25.0,2014,0.195781053,B,B,23,5212,18,unknown,23,13,B
432,7799,23,19.0,44.0,10,25.0,19,23.0,169,0.265088676,B,B,37,5288,22,1937.0,23,13,B
433,14843,135,23.0,22.0,13,10.0,10,25.0,52,0.007658515,B,B,15,7077,56,2301.0,23,19,B
434,7532,25,13.0,10.0,24,14.0,15,24.0,2010,0.13012277,B,B,14,1986,22,unknown,22,22,B
435,8133,19,19.0,13.0,unknown,19.0,17,24.0,1977,0.007122317,B,B,19,264,22,unknown,22,19,B
436,6264,13,23.0,24.0,25,17.0,23,17.0,1980,0.101872465,B,B,23,4583,23,unknown,23,23,B
437,4125,94,19.0,49.0,51,25.0,23,25.0,2006,0.521867054,B,B,25,6149,22,unknown,22,22,B
438,2410,19,13.0,25.0,52,10.0,10,10.0,69,0.033493708,B,B,66,10573,19,1322.0,23,14,B
439,13607,62,23.0,51.0,unknown,22.0,23,22.0,1977,0.072157581,B,B,13,629,19,unknown,22,22,A
440,1716,57,13.0,52.0,54,17.0,20,22.0,2001,0.090799103,B,B,74,19083,13,unknown,10,10,B
441,1370,19,19.0,53.0,55,17.0,15,20.0,1977,0.007122317,B,B,19,264,22,unknown,22,19,B
442,2273,37,23.0,54.0,56,23.0,14,25.0,2002,0.178916796,B,B,18,3594,15,192.0,19,10,B
443,15298,10,23.0,55.0,57,17.0,25,25.0,2000,0.090799103,B,B,74,19083,13,unknown,10,10,B
444,4284,171,13.0,56.0,58,18.0,25,25.0,69,0.019508796,B,B,37,7687,21,176.0,10,10,B
445,12303,12,13.0,57.0,unknown,22.0,24,19.0,1977,0.211401214,B,B,25,1892,22,unknown,22,19,B
446,7808,14,19.0,58.0,19,10.0,19,10.0,75,0.458174486,B,A,24,4439,19,1130.0,19,10,B
447,2203,12,19.0,59.0,unknown,22.0,17,22.0,1977,0.072157581,B,B,13,629,19,unknown,22,22,A
448,7237,12,19.0,19.0,unknown,19.0,25,25.0,1977,0.072157581,B,B,13,629,19,unknown,22,22,A
449,15864,12,23.0,36.0,63,25.0,18,19.0,1977,0.072157581,B,B,13,629,19,unknown,22,22,A
450,2844,19,13.0,62.0,64,23.0,25,25.0,2014,0.007122317,B,B,19,264,22,unknown,22,19,B
451,5729,124,19.0,63.0,65,10.0,10,10.0,101,0.16909109,B,B,19,3856,17,unknown,13,10,B
452,11812,65,13.0,64.0,66,25.0,23,14.0,110,0.081943463,B,B,20,2738,20,unknown,19,15,B
453,1779,29,19.0,65.0,67,25.0,25,25.0,2014,0.069660344,B,B,31,6119,15,unknown,19,13,B
454,6442,12,13.0,66.0,unknown,19.0,18,19.0,2018,0.211401214,B,B,25,1892,22,unknown,22,19,B
455,6160,31,13.0,67.0,69,10.0,10,25.0,33,0.151346216,B,A,23,5889,17,830.0,15,19,B
456,8266,86,13.0,68.0,70,10.0,15,10.0,59,0.161975568,B,A,31,7010,10,4508.0,23,25,B
457,9903,67,19.0,69.0,71,18.0,25,25.0,1976,0.0077202819999999,B,B,38,4788,13,unknown,22,15,B
458,2867,12,19.0,70.0,unknown,19.0,15,23.0,1977,0.072157581,B,B,13,629,19,unknown,22,22,A
459,6998,18,13.0,71.0,73,10.0,25,25.0,2015,0.243204519,B,B,10,1564,22,540.0,22,22,B
460,13932,23,13.0,72.0,unknown,19.0,25,25.0,1977,0.075778755,B,B,18,1437,23,unknown,22,13,B
461,12587,74,19.0,73.0,75,19.0,15,25.0,1977,0.075778755,B,B,18,1437,23,unknown,22,13,B
462,3611,21,13.0,74.0,76,21.0,23,17.0,2009,0.0001696759999999,B,B,36,5992,22,unknown,19,19,B
463,2646,36,23.0,75.0,77,25.0,10,23.0,29,0.300322518,B,B,52,10311,18,unknown,19,25,B
464,1890,25,19.0,76.0,78,14.0,18,25.0,2006,0.158249043,B,B,21,5731,22,unknown,19,22,B
465,860,13,13.0,77.0,79,25.0,17,25.0,2002,6.99893e-05,B,B,10,10309,19,240.0,19,17,B
466,14187,111,13.0,78.0,80,10.0,15,10.0,107,22.0,B,B,36,6714,13,2672.0,22,13,B
467,12569,75,13.0,79.0,10,17.0,18,25.0,1999,0.122090347,B,B,29,6566,25,1894.0,15,22,B
468,1276,23,13.0,80.0,17,19.0,10,23.0,2020,0.005767451,B,B,19,388,22,unknown,22,22,B
469,12025,22,19.0,81.0,unknown,19.0,25,19.0,1977,0.195781053,B,B,23,5212,18,unknown,23,13,B
470,4890,25,13.0,82.0,18,17.0,24,25.0,2012,0.069753361,B,B,53,13670,15,unknown,19,21,B
471,14410,167,13.0,83.0,19,18.0,14,18.0,497,0.050272014,B,B,21,4231,24,1020.0,22,23,B
472,10352,73,23.0,84.0,20,25.0,10,10.0,498,0.042031587,B,B,37,6856,84,1940.0,13,10,B
473,11407,79,15.0,85.0,21,18.0,18,25.0,2014,0.307466659,B,A,30,5048,25,325.0,13,10,B
474,10384,10,19.0,86.0,22,25.0,17,24.0,2006,0.158249043,B,B,21,5731,22,unknown,19,22,B
475,7622,107,13.0,87.0,23,14.0,22,23.0,2011,0.050272014,B,B,21,4231,24,1020.0,22,23,B
476,12578,23,13.0,88.0,unknown,19.0,23,25.0,1977,0.075778755,B,B,18,1437,23,unknown,22,13,B
477,15820,88,19.0,89.0,25,25.0,25,25.0,1976,0.127375905,B,B,43,8429,23,unknown,23,25,B
478,563,19,13.0,90.0,24,19.0,15,25.0,1977,0.007122317,B,B,19,264,22,unknown,22,19,B
479,15226,87,19.0,91.0,12,18.0,25,25.0,1982,0.100455735,B,B,43,7227,22,unknown,19,18,A
480,6396,18,23.0,92.0,unknown,19.0,23,25.0,1977,0.243204519,B,B,10,1564,22,540.0,22,22,B
481,6247,19,19.0,93.0,unknown,19.0,18,25.0,1977,0.007122317,B,B,19,264,22,unknown,22,19,B
482,3339,83,19.0,94.0,30,18.0,14,25.0,1977,0.0077202819999999,B,B,38,4788,13,unknown,22,15,B
483,10975,118,13.0,95.0,31,14.0,14,17.0,101,0.21843974,B,B,21,4472,18,1450.0,15,25,A
484,7475,23,13.0,96.0,unknown,19.0,10,23.0,1977,0.034656082,B,B,22,168,22,unknown,22,22,B
485,11129,208,19.0,97.0,23,10.0,15,10.0,155,0.042031587,B,B,37,6856,84,1940.0,13,10,B
486,3051,111,23.0,98.0,10,10.0,10,10.0,104,0.1363303,B,B,30,6141,17,262.0,23,18,B
487,10232,84,13.0,19.0,15,14.0,19,10.0,224,0.006076152,B,B,30,5285,22,645.0,18,18,B
488,14106,18,13.0,100.0,unknown,23.0,21,25.0,1977,0.243204519,B,B,10,1564,22,540.0,22,22,B
489,5502,23,13.0,101.0,37,18.0,10,24.0,52,0.135649789,B,B,10,7960,18,350.0,23,21,B
490,4558,23,19.0,102.0,38,19.0,25,25.0,2017,0.034656082,B,B,22,168,22,unknown,22,22,B
491,4181,12,13.0,103.0,unknown,22.0,10,22.0,1977,0.011654127,B,B,15,915,22,unknown,22,22,B
492,8426,18,19.0,104.0,40,19.0,10,25.0,1977,0.243204519,B,B,10,1564,22,540.0,22,22,B
493,6611,19,13.0,105.0,41,10.0,19,25.0,156,0.033493708,B,B,66,10573,19,1322.0,23,14,B
494,14641,12,13.0,106.0,unknown,25.0,10,19.0,2018,0.211401214,B,B,25,1892,22,unknown,22,19,B
495,15539,19,23.0,107.0,unknown,19.0,17,20.0,1977,0.007122317,B,B,19,264,22,unknown,22,19,B
496,13119,19,13.0,108.0,44,10.0,18,10.0,1977,0.014580716,B,B,23,760,19,unknown,22,22,B
497,11716,44,19.0,109.0,22,25.0,15,24.0,2005,0.232205084,B,B,24,4860,19,80.0,22,23,B
498,7316,36,13.0,110.0,10,14.0,10,25.0,1989,0.300322518,B,B,52,10311,18,unknown,19,25,B
499,7791,12,19.0,111.0,unknown,22.0,18,22.0,1977,0.211401214,B,B,25,1892,22,unknown,22,19,B
500,13034,57,23.0,112.0,24,17.0,14,24.0,2003,0.090799103,B,B,74,19083,13,unknown,10,10,B
501,1068,14,23.0,113.0,49,25.0,25,24.0,1977,0.458174486,B,A,24,4439,19,1130.0,19,10,B
502,4060,21,13.0,114.0,25,18.0,24,23.0,75,0.194489265,B,B,13,8004,23,125.0,23,10,B
503,10172,49,13.0,115.0,51,10.0,14,25.0,169,0.020741326,B,B,24,5613,10,1340.0,13,10,B
504,2591,14,13.0,116.0,52,18.0,17,25.0,52,0.428825818,B,B,25,5011,14,730.0,22,13,B
505,12494,57,23.0,117.0,53,10.0,23,25.0,2000,0.090799103,B,B,74,19083,13,unknown,10,10,B
506,7828,73,13.0,118.0,54,23.0,10,10.0,1977,0.042031587,B,B,37,6856,84,1940.0,13,10,B
507,15284,25,19.0,119.0,55,10.0,23,10.0,96,22.0,B,B,18,3374,10,620.0,19,13,B
508,7947,138,19.0,120.0,56,15.0,14,14.0,59,0.313924552,B,B,22,4625,21,3855.0,13,17,B
509,16335,100,13.0,121.0,57,10.0,14,25.0,69,0.200146802,B,B,23,3975,14,770.0,13,22,B
510,10234,85,23.0,122.0,58,17.0,21,17.0,1983,0.037177818,B,B,52,11217,19,2300.0,19,25,B
511,2797,67,23.0,123.0,59,25.0,10,23.0,1978,0.100455735,B,B,43,7227,22,unknown,19,18,A
512,5341,37,23.0,124.0,19,18.0,10,25.0,196,0.127811589,B,B,23,7287,10,320.0,19,23,B
513,3059,36,13.0,125.0,36,17.0,17,25.0,2012,0.300322518,B,B,52,10311,18,unknown,19,25,B
514,1559,23,19.0,126.0,unknown,19.0,25,19.0,1977,0.034656082,B,B,22,168,22,unknown,22,22,B
515,15320,10,13.0,127.0,63,17.0,24,22.0,2001,0.133215333,B,B,49,11395,23,1406.0,23,15,A
516,10284,147,23.0,128.0,64,25.0,23,24.0,33,0.319809354,B,B,25,4756,17,2857.0,10,14,B
517,4134,25,23.0,129.0,65,14.0,18,23.0,1980,0.136244425,B,B,21,2370,22,unknown,22,19,B
518,4481,19,23.0,130.0,66,21.0,10,18.0,2016,0.007122317,B,B,19,264,22,unknown,22,19,B
519,7222,62,13.0,131.0,67,10.0,21,25.0,2014,0.072157581,B,B,13,629,19,unknown,22,22,A
520,4062,167,19.0,132.0,68,23.0,17,23.0,1978,0.050272014,B,B,21,4231,24,1020.0,22,23,B
521,2192,12,19.0,133.0,unknown,19.0,24,19.0,1977,0.017647053,B,B,13,469,22,unknown,22,22,B
522,9637,12,13.0,134.0,unknown,19.0,25,10.0,1977,0.072157581,B,B,13,629,19,unknown,22,22,A
523,16236,94,19.0,135.0,71,25.0,17,25.0,2001,0.521867054,B,B,25,6149,22,unknown,22,22,B
524,4272,41,19.0,136.0,72,18.0,10,25.0,1977,6.99893e-05,B,B,10,10309,19,240.0,19,17,B
525,9406,10,13.0,137.0,73,17.0,23,25.0,2019,0.069753361,B,B,53,13670,15,unknown,19,21,B
526,14309,85,23.0,138.0,74,18.0,25,25.0,1979,0.037177818,B,B,52,11217,19,2300.0,19,25,B
527,1946,55,23.0,139.0,75,17.0,18,24.0,1998,0.041365446,B,B,31,5569,22,unknown,19,15,B
528,16235,55,13.0,140.0,76,25.0,17,25.0,1998,0.041365446,B,B,31,5569,22,unknown,19,15,B
529,7146,37,19.0,141.0,77,14.0,23,24.0,33,0.127811589,B,B,23,7287,10,320.0,19,23,B
530,16784,10,13.0,142.0,78,14.0,19,24.0,1993,0.069753361,B,B,53,13670,15,unknown,19,21,B
531,349,10,23.0,143.0,79,17.0,23,25.0,2016,0.069753361,B,B,53,13670,15,unknown,19,21,B
532,6251,18,19.0,144.0,80,14.0,15,24.0,1988,22.0,B,B,30,5562,22,unknown,22,10,A
533,5128,66,23.0,145.0,10,14.0,23,10.0,155,0.161975568,B,A,31,7010,10,4508.0,23,25,B
534,11718,19,13.0,146.0,unknown,19.0,14,25.0,1977,0.007122317,B,B,19,264,22,unknown,22,19,B
535,16721,23,13.0,147.0,25,22.0,23,19.0,1977,0.005767451,B,B,19,388,22,unknown,22,22,B
536,12517,25,13.0,148.0,18,14.0,23,24.0,1994,0.069753361,B,B,53,13670,15,unknown,19,21,B
537,15961,13,13.0,149.0,19,10.0,18,10.0,156,0.309479124,B,B,15,7715,15,990.0,22,18,B
538,9428,80,19.0,150.0,20,18.0,19,25.0,1979,22.0,B,B,14,8647,22,810.0,22,10,B
539,14541,23,19.0,10.0,21,10.0,25,10.0,26,0.265088676,B,B,37,5288,22,1937.0,23,13,B
540,10168,58,19.0,17.0,unknown,22.0,14,25.0,1977,0.43788524,B,B,23,5735,23,1084.0,22,10,B
541,11270,23,19.0,25.0,unknown,22.0,10,24.0,1977,0.236108458,B,B,17,3893,12,unknown,23,17,B
542,13210,93,13.0,18.0,24,17.0,25,24.0,2013,0.050900058,B,B,43,10621,19,30.0,13,23,B
543,11518,23,13.0,19.0,unknown,19.0,18,25.0,1977,0.075778755,B,B,18,1437,23,unknown,22,13,B
544,12612,12,13.0,20.0,24,19.0,10,25.0,2013,0.072157581,B,B,13,629,19,unknown,22,22,A
545,16352,23,13.0,21.0,12,19.0,18,25.0,2015,0.034656082,B,B,22,168,22,unknown,22,22,B
546,9935,12,13.0,22.0,23,17.0,10,25.0,2018,0.072157581,B,B,13,629,19,unknown,22,22,A
547,15521,72,23.0,23.0,29,14.0,25,25.0,1977,0.210473241,B,B,21,2398,13,1994.0,23,22,B
548,11482,14,13.0,24.0,30,18.0,13,25.0,1982,0.219006007,B,B,23,6746,23,unknown,19,15,B
549,11443,130,19.0,25.0,31,25.0,25,25.0,96,0.341071945,B,B,12,5664,24,2300.0,23,21,B
550,9459,187,13.0,24.0,23,21.0,10,24.0,2001,0.041116354,B,B,53,14892,15,unknown,19,15,B
551,9218,120,19.0,12.0,23,18.0,13,14.0,104,0.341071945,B,B,12,5664,24,2300.0,23,21,B
552,854,58,19.0,23.0,10,25.0,25,17.0,2008,0.1489038909999999,B,B,25,731,19,1430.0,23,13,B
553,5619,30,19.0,29.0,15,19.0,25,25.0,1977,7.81528e-05,B,B,22,6398,141,1046.0,23,23,B
554,9208,109,19.0,30.0,36,10.0,18,25.0,107,0.1363303,B,B,30,6141,17,262.0,23,18,B
555,4391,12,13.0,31.0,37,17.0,14,23.0,2016,0.072157581,B,B,13,629,19,unknown,22,22,A
556,15207,62,19.0,23.0,38,18.0,13,25.0,196,0.002211665,B,B,14,7614,23,unknown,19,10,A
557,7183,18,13.0,23.0,unknown,19.0,25,25.0,1977,0.243204519,B,B,10,1564,22,540.0,22,22,B
558,16442,18,23.0,10.0,unknown,22.0,14,25.0,1977,0.243204519,B,B,10,1564,22,540.0,22,22,B
559,7936,23,19.0,15.0,41,25.0,23,25.0,2015,0.034656082,B,B,22,168,22,unknown,22,22,B
560,10606,107,13.0,36.0,25,14.0,15,10.0,586,0.174739084,B,B,25,3379,25,100.0,22,23,B
561,4979,44,19.0,37.0,43,10.0,25,25.0,96,0.232205084,B,B,24,4860,19,80.0,22,23,B
562,4854,25,13.0,38.0,44,14.0,19,22.0,2009,0.035145267,B,B,25,9292,23,2620.0,22,23,B
563,16476,12,19.0,14.0,unknown,19.0,18,19.0,1977,0.072157581,B,B,13,629,19,unknown,22,22,A
564,10516,113,19.0,40.0,10,18.0,13,25.0,52,0.050755569,B,B,24,5469,19,145.0,22,19,B
565,16261,62,15.0,41.0,13,10.0,14,25.0,1976,0.002211665,B,B,14,7614,23,unknown,19,10,A
566,90,51,23.0,25.0,24,15.0,13,18.0,592,0.015016892,B,B,25,3079,59,2890.0,22,14,B
567,5433,55,19.0,43.0,49,14.0,24,24.0,1999,0.041365446,B,B,31,5569,22,unknown,19,15,B
568,14338,12,19.0,44.0,25,19.0,23,19.0,1977,0.072157581,B,B,13,629,19,unknown,22,22,A
569,13487,30,23.0,22.0,51,19.0,24,25.0,1977,7.81528e-05,B,B,22,6398,141,1046.0,23,23,B
570,8211,24,23.0,10.0,52,19.0,21,19.0,2017,0.041124634,B,B,10,9515,10,unknown,19,17,B
571,170,18,13.0,13.0,53,19.0,18,25.0,2014,0.243204519,B,B,10,1564,22,540.0,22,22,B
572,14051,12,19.0,24.0,54,19.0,17,19.0,1977,0.211401214,B,B,25,1892,22,unknown,22,19,B
573,10686,40,13.0,49.0,55,10.0,18,10.0,104,0.210473241,B,B,21,2398,13,1994.0,23,22,B
574,7595,23,13.0,25.0,56,17.0,25,23.0,2009,0.333891544,B,B,30,6564,19,unknown,22,22,B
575,6777,10,23.0,51.0,57,23.0,10,25.0,2019,0.150817539,B,B,17,3433,15,2643.0,15,10,B
576,14661,12,13.0,52.0,58,19.0,10,19.0,1977,0.017647053,B,B,13,469,22,unknown,22,22,B
577,13991,22,23.0,53.0,59,17.0,17,25.0,1989,0.133215333,B,B,49,11395,23,1406.0,23,15,A
578,16795,23,13.0,54.0,19,10.0,15,10.0,69,0.265088676,B,B,37,5288,22,1937.0,23,13,B
579,2740,12,19.0,55.0,36,17.0,10,25.0,2015,0.072157581,B,B,13,629,19,unknown,22,22,A
580,7368,73,13.0,56.0,62,14.0,14,14.0,96,0.042031587,B,B,37,6856,84,1940.0,13,10,B
581,2413,23,13.0,57.0,63,25.0,25,25.0,1993,0.090799103,B,B,74,19083,13,unknown,10,10,B
582,1852,59,23.0,58.0,64,22.0,21,20.0,2015,0.019508796,B,B,37,7687,21,176.0,10,10,B
583,15200,101,15.0,59.0,65,14.0,15,10.0,77,0.225824954,A,B,41,6558,25,1548.0,23,13,B
584,8467,14,23.0,19.0,66,25.0,17,25.0,1986,0.092290642,B,B,21,4346,13,165.0,19,13,B
585,16379,168,13.0,36.0,67,25.0,13,10.0,611,0.341071945,B,B,12,5664,24,2300.0,23,21,B
586,3375,25,13.0,62.0,unknown,19.0,15,19.0,1977,0.161531741,B,B,25,5648,19,30.0,13,15,B
587,5945,20,23.0,63.0,69,24.0,10,25.0,2012,0.019508796,B,B,37,7687,21,176.0,10,10,B
588,2641,30,13.0,64.0,unknown,19.0,23,23.0,2016,7.81528e-05,B,B,22,6398,141,1046.0,23,23,B
589,2837,77,23.0,65.0,71,14.0,23,23.0,1982,6.99893e-05,B,B,10,10309,19,240.0,19,17,B
590,3498,36,23.0,66.0,72,18.0,19,25.0,1978,0.300322518,B,B,52,10311,18,unknown,19,25,B
591,10876,12,19.0,67.0,73,14.0,25,17.0,2010,0.041116354,B,B,53,14892,15,unknown,19,15,B
592,1285,10,13.0,68.0,74,10.0,18,23.0,1977,0.150817539,B,B,17,3433,15,2643.0,15,10,B
593,9285,74,13.0,69.0,unknown,19.0,10,25.0,1977,0.075778755,B,B,18,1437,23,unknown,22,13,B
594,4015,10,23.0,70.0,76,14.0,15,23.0,2000,0.069753361,B,B,53,13670,15,unknown,19,21,B
595,2526,23,19.0,71.0,77,14.0,15,24.0,1990,0.118537385,B,B,30,6207,19,1183.0,19,22,B
596,7814,139,19.0,72.0,78,14.0,17,25.0,2006,0.122090347,B,B,29,6566,25,1894.0,15,22,B
597,7117,115,13.0,73.0,79,14.0,23,23.0,156,1.8e-09,B,B,17,3681,73,1815.0,13,10,B
598,12359,12,19.0,74.0,unknown,22.0,17,22.0,1977,0.211401214,B,B,25,1892,22,unknown,22,19,B
599,3303,74,13.0,75.0,unknown,22.0,10,22.0,1977,0.309479124,B,B,15,7715,15,990.0,22,18,B
600,13874,94,13.0,76.0,17,18.0,17,23.0,180,0.521867054,B,B,25,6149,22,unknown,22,22,B
601,5484,88,19.0,77.0,unknown,19.0,18,25.0,1977,0.127375905,B,B,43,8429,23,unknown,23,25,B
602,15067,19,19.0,78.0,18,14.0,23,25.0,1992,0.025609157,B,B,23,5261,22,240.0,23,19,B
603,12639,23,13.0,79.0,19,18.0,15,25.0,52,0.135649789,B,B,10,7960,18,350.0,23,21,B
604,3388,85,23.0,80.0,20,18.0,14,25.0,1979,0.037177818,B,B,52,11217,19,2300.0,19,25,B
605,4256,53,19.0,81.0,21,14.0,10,17.0,1981,0.049637257,B,B,10,7759,22,229.0,19,23,B
606,15738,129,19.0,82.0,22,14.0,25,22.0,2012,0.020741326,B,B,24,5613,10,1340.0,13,10,B
607,14049,58,13.0,83.0,23,10.0,19,25.0,169,0.050755569,B,B,24,5469,19,145.0,22,19,B
608,15780,29,13.0,84.0,24,25.0,17,25.0,75,0.069660344,B,B,31,6119,15,unknown,19,13,B
609,9564,96,19.0,85.0,25,14.0,23,25.0,1996,0.041116354,B,B,53,14892,15,unknown,19,15,B
610,11910,77,13.0,86.0,24,18.0,23,23.0,180,6.99893e-05,B,B,10,10309,19,240.0,19,17,B
611,11315,30,23.0,87.0,unknown,19.0,23,13.0,2017,7.81528e-05,B,B,22,6398,141,1046.0,23,23,B
612,1733,93,19.0,88.0,23,25.0,10,25.0,2003,0.521867054,B,B,25,6149,22,unknown,22,22,B
613,3910,20,13.0,89.0,29,25.0,10,23.0,2006,0.019508796,B,B,37,7687,21,176.0,10,10,B
614,7552,108,23.0,90.0,30,19.0,13,14.0,101,22.0,B,B,25,5027,15,10,19,19,B
615,254,10,19.0,91.0,31,21.0,21,25.0,2007,0.158249043,B,B,21,5731,22,unknown,19,22,B
616,5222,14,13.0,92.0,23,14.0,21,23.0,1987,0.43788524,B,B,23,5735,23,1084.0,22,10,B
617,8314,53,13.0,93.0,23,10.0,14,25.0,69,0.313924552,B,B,22,4625,21,3855.0,13,17,B
618,16743,123,19.0,94.0,10,10.0,10,25.0,2004,22.0,B,B,18,2733,22,920.0,22,15,B
619,10335,12,19.0,95.0,15,18.0,10,10.0,1979,0.07542368,B,B,21,3097,22,unknown,22,22,B
620,8226,19,23.0,96.0,36,17.0,10,25.0,1989,0.025609157,B,B,23,5261,22,240.0,23,19,B
621,12254,22,19.0,97.0,37,25.0,10,25.0,2017,0.195781053,B,B,23,5212,18,unknown,23,13,B
622,13152,19,13.0,98.0,38,18.0,17,25.0,196,0.012338886,B,B,15,5776,19,2078.0,13,15,B
623,15020,36,13.0,19.0,14,18.0,10,24.0,1980,0.300322518,B,B,52,10311,18,unknown,19,25,B
624,16349,160,13.0,100.0,40,14.0,15,17.0,1986,22.0,B,B,14,8647,22,810.0,22,10,B
625,11924,22,19.0,101.0,41,10.0,10,10.0,59,0.014423114,B,B,19,3806,15,unknown,22,23,B
626,12543,10,19.0,102.0,25,17.0,18,22.0,1999,0.090799103,B,B,74,19083,13,unknown,10,10,B
627,14114,138,13.0,103.0,43,18.0,10,25.0,1976,0.1363303,B,B,30,6141,17,262.0,23,18,B
628,12318,21,23.0,104.0,44,25.0,25,23.0,180,0.0001696759999999,B,B,36,5992,22,unknown,19,19,B
629,15383,36,13.0,105.0,22,10.0,25,23.0,155,0.298204575,B,B,17,4048,23,unknown,19,23,B
630,6679,93,23.0,106.0,unknown,19.0,15,25.0,1977,0.004949358,B,B,22,186,22,unknown,22,22,B
631,635,10,19.0,107.0,13,19.0,17,19.0,2018,0.069753361,B,B,53,13670,15,unknown,19,21,B
632,15993,86,23.0,108.0,24,10.0,25,25.0,196,0.161975568,B,A,31,7010,10,4508.0,23,25,B
633,11375,130,19.0,109.0,49,14.0,23,25.0,59,0.341071945,B,B,12,5664,24,2300.0,23,21,B
634,11216,25,13.0,110.0,unknown,19.0,18,18.0,1977,0.161531741,B,B,25,5648,19,30.0,13,15,B
635,15401,10,13.0,111.0,51,14.0,18,25.0,2001,0.090799103,B,B,74,19083,13,unknown,10,10,B
636,11301,62,13.0,112.0,52,25.0,23,23.0,1980,0.386771659,B,B,10,1135,22,unknown,22,22,A
637,13804,103,23.0,113.0,53,10.0,15,17.0,169,0.014423114,B,B,19,3806,15,unknown,22,23,B
638,10839,81,13.0,114.0,54,10.0,10,10.0,59,0.006076152,B,B,30,5285,22,645.0,18,18,B
639,1588,10,23.0,115.0,55,25.0,15,22.0,1996,0.069753361,B,B,53,13670,15,unknown,19,21,B
640,3596,41,13.0,116.0,56,10.0,17,25.0,156,0.175054867,B,B,36,10055,23,unknown,19,22,B
641,5816,14,13.0,117.0,57,10.0,18,10.0,169,0.43788524,B,B,23,5735,23,1084.0,22,10,B
642,8099,19,19.0,118.0,58,19.0,18,25.0,1977,0.007122317,B,B,19,264,22,unknown,22,19,B
643,6551,23,13.0,119.0,59,25.0,10,24.0,196,0.050900058,B,B,43,10621,19,30.0,13,23,B
644,14075,64,15.0,120.0,19,17.0,10,22.0,2002,0.135649789,B,B,10,7960,18,350.0,23,21,B
645,13431,85,13.0,121.0,36,18.0,23,25.0,1977,0.037177818,B,B,52,11217,19,2300.0,19,25,B
646,9481,124,23.0,122.0,62,14.0,10,25.0,1978,0.16909109,B,B,19,3856,17,unknown,13,10,B
647,5295,19,19.0,123.0,63,14.0,15,25.0,1990,0.025609157,B,B,23,5261,22,240.0,23,19,B
648,15859,10,23.0,124.0,64,23.0,23,25.0,2001,0.090799103,B,B,74,19083,13,unknown,10,10,B
649,10634,169,23.0,125.0,65,19.0,23,23.0,2017,0.178916796,B,B,18,3594,15,192.0,19,10,B
650,444,23,19.0,126.0,66,14.0,10,25.0,1991,0.135649789,B,B,10,7960,18,350.0,23,21,B
651,11686,10,13.0,127.0,67,17.0,14,17.0,1981,0.090799103,B,B,74,19083,13,unknown,10,10,B
652,1213,18,23.0,128.0,68,19.0,10,25.0,1977,0.243204519,B,B,10,1564,22,540.0,22,22,B
653,13970,14,19.0,129.0,69,19.0,23,23.0,2009,0.092290642,B,B,21,4346,13,165.0,19,13,B
654,6849,23,23.0,130.0,unknown,22.0,17,25.0,1977,0.236108458,B,B,17,3893,12,unknown,23,17,B
655,9911,115,19.0,131.0,71,25.0,21,23.0,169,1.8e-09,B,B,17,3681,73,1815.0,13,10,B
656,5649,18,13.0,132.0,72,25.0,24,25.0,2014,0.243204519,B,B,10,1564,22,540.0,22,22,B
657,7184,185,13.0,133.0,73,25.0,25,25.0,2004,0.025609157,B,B,23,5261,22,240.0,23,19,B
658,5877,77,23.0,134.0,74,14.0,15,17.0,1978,6.99893e-05,B,B,10,10309,19,240.0,19,17,B
659,1655,95,19.0,135.0,unknown,22.0,15,22.0,1977,0.0006991189999999,B,B,24,3369,24,4129.0,22,23,B
660,15301,107,13.0,136.0,76,10.0,15,25.0,107,0.174739084,B,B,25,3379,25,100.0,22,23,B
661,12389,12,23.0,137.0,unknown,19.0,17,17.0,2016,0.072157581,B,B,13,629,19,unknown,22,22,A
662,5241,10,23.0,138.0,78,10.0,25,25.0,69,22.0,B,B,13,11319,22,1145.0,23,10,B
663,7048,75,19.0,139.0,79,10.0,23,24.0,29,0.122090347,B,B,29,6566,25,1894.0,15,22,B
664,10574,23,23.0,140.0,80,19.0,10,19.0,2017,0.034656082,B,B,22,168,22,unknown,22,22,B
665,8593,19,13.0,141.0,10,18.0,10,23.0,1983,0.059456227,B,B,19,362,22,unknown,22,22,B
666,4752,87,19.0,142.0,17,14.0,18,25.0,1988,0.100455735,B,B,43,7227,22,unknown,19,18,A
667,14663,80,19.0,143.0,25,25.0,21,22.0,1988,22.0,B,B,14,8647,22,810.0,22,10,B
668,10994,62,23.0,144.0,18,19.0,10,23.0,1977,0.072157581,B,B,13,629,19,unknown,22,22,A
669,87,23,19.0,145.0,unknown,19.0,10,23.0,1977,0.005767451,B,B,19,388,22,unknown,22,22,B
670,5132,18,19.0,146.0,unknown,19.0,23,19.0,1977,0.243204519,B,B,10,1564,22,540.0,22,22,B
671,6372,155,13.0,147.0,21,17.0,10,10.0,697,0.042307271,B,B,25,2810,25,4849.0,23,18,B
672,7411,88,13.0,148.0,22,23.0,24,25.0,2008,0.127375905,B,B,43,8429,23,unknown,23,25,B
673,3319,24,13.0,149.0,23,18.0,23,23.0,1981,0.041124634,B,B,10,9515,10,unknown,19,17,B
674,9355,58,19.0,150.0,24,18.0,23,25.0,52,0.31019913,B,B,21,2748,19,unknown,22,22,B
675,5139,10,13.0,10.0,unknown,19.0,10,19.0,2014,0.069753361,B,B,53,13670,15,unknown,19,21,B
676,56,14,13.0,17.0,24,23.0,15,25.0,2006,0.092290642,B,B,21,4346,13,165.0,19,13,B
677,3249,70,19.0,25.0,12,25.0,14,25.0,33,0.002211665,B,B,14,7614,23,unknown,19,10,A
678,5047,23,19.0,18.0,23,17.0,10,10.0,2017,0.034656082,B,B,22,168,22,unknown,22,22,B
679,13238,74,23.0,19.0,unknown,17.0,14,23.0,2017,0.075778755,B,B,18,1437,23,unknown,22,13,B
680,2190,18,23.0,20.0,30,17.0,17,25.0,1986,22.0,B,B,30,5562,22,unknown,22,10,A
681,15599,18,13.0,21.0,31,19.0,10,25.0,2016,0.243204519,B,B,10,1564,22,540.0,22,22,B
682,6542,18,13.0,22.0,23,25.0,10,25.0,2016,0.243204519,B,B,10,1564,22,540.0,22,22,B
683,69,12,13.0,23.0,23,25.0,23,23.0,2016,0.014072961,B,B,13,475,22,unknown,22,22,B
684,5630,23,23.0,24.0,10,21.0,15,25.0,2014,0.075778755,B,B,18,1437,23,unknown,22,13,B
685,9157,58,23.0,25.0,unknown,22.0,10,23.0,1977,0.43788524,B,B,23,5735,23,1084.0,22,10,B
686,789,67,19.0,24.0,unknown,19.0,23,22.0,1977,0.0077202819999999,B,B,38,4788,13,unknown,22,15,B
687,1413,57,23.0,12.0,37,14.0,25,23.0,1982,0.133215333,B,B,49,11395,23,1406.0,23,15,A
688,12514,24,23.0,23.0,38,18.0,10,10.0,101,0.111627393,B,B,25,12238,14,26,13,23,B
689,13459,19,19.0,29.0,unknown,19.0,18,25.0,1977,0.007122317,B,B,19,264,22,unknown,22,19,B
690,1345,53,23.0,30.0,40,10.0,14,25.0,156,0.049637257,B,B,10,7759,22,229.0,19,23,B
691,4034,111,13.0,31.0,41,10.0,18,10.0,156,0.135649789,B,B,10,7960,18,350.0,23,21,B
692,15169,21,19.0,23.0,25,18.0,14,25.0,52,0.194489265,B,B,13,8004,23,125.0,23,10,B
693,6770,74,13.0,23.0,unknown,19.0,10,19.0,1977,0.075778755,B,B,18,1437,23,unknown,22,13,B
694,3334,120,19.0,10.0,44,10.0,13,25.0,52,0.341071945,B,B,12,5664,24,2300.0,23,21,B
695,12998,139,19.0,15.0,22,10.0,23,10.0,59,0.122090347,B,B,29,6566,25,1894.0,15,22,B
696,15870,44,13.0,36.0,10,14.0,13,24.0,1990,0.036122292,B,B,24,4378,22,1036.0,19,19,B
697,1871,19,19.0,37.0,unknown,19.0,10,17.0,2015,0.007122317,B,B,19,264,22,unknown,22,19,B
698,5770,140,19.0,38.0,24,22.0,10,10.0,104,22.0,B,B,23,7425,19,unknown,13,10,B
699,13196,23,23.0,14.0,unknown,19.0,15,19.0,1977,0.005767451,B,B,19,388,22,unknown,22,22,B
700,7633,53,19.0,40.0,unknown,19.0,21,21.0,1977,0.049637257,B,B,10,7759,22,229.0,19,23,B
701,10699,10,13.0,41.0,51,10.0,25,25.0,169,0.150817539,B,B,17,3433,15,2643.0,15,10,B
702,15470,55,13.0,25.0,52,18.0,25,25.0,52,0.012338886,B,B,15,5776,19,2078.0,13,15,B
703,1903,113,15.0,43.0,53,17.0,17,25.0,2001,0.060753049,B,B,10,2787,13,520.0,22,25,B
704,13860,176,13.0,44.0,54,25.0,19,10.0,77,0.08761909,B,B,14,1497,10,unknown,19,22,B
705,7649,30,13.0,22.0,55,25.0,15,15.0,731,7.81528e-05,B,B,22,6398,141,1046.0,23,23,B
706,11043,24,13.0,10.0,56,10.0,15,10.0,96,0.042031587,B,B,37,6856,84,1940.0,13,10,B
707,2922,111,19.0,13.0,57,17.0,21,22.0,2006,0.093442564,B,B,23,4635,10,3300.0,13,15,B
708,7538,43,23.0,24.0,58,15.0,15,25.0,734,0.212515361,B,B,19,3293,17,628.0,23,25,B
709,9477,12,19.0,49.0,unknown,14.0,17,25.0,2017,0.072157581,B,B,13,629,19,unknown,22,22,A
710,117,59,15.0,25.0,19,19.0,21,19.0,2016,22.0,B,B,18,3374,10,620.0,19,13,B
711,1457,94,13.0,51.0,36,25.0,25,25.0,1983,0.282797669,B,B,23,8667,13,unknown,22,18,B
712,7082,41,19.0,52.0,62,25.0,19,23.0,1980,0.175054867,B,B,36,10055,23,unknown,19,22,B
713,3053,10,13.0,53.0,63,17.0,17,24.0,1998,0.090799103,B,B,74,19083,13,unknown,10,10,B
714,12522,12,19.0,54.0,64,22.0,24,22.0,1977,0.211401214,B,B,25,1892,22,unknown,22,19,B
715,5744,73,13.0,55.0,65,19.0,15,25.0,2017,0.042031587,B,B,37,6856,84,1940.0,13,10,B
716,13566,141,23.0,56.0,66,25.0,19,10.0,742,0.0006991189999999,B,B,24,3369,24,4129.0,22,23,B
717,1464,12,19.0,57.0,67,23.0,14,19.0,1977,0.017647053,B,B,13,469,22,unknown,22,22,B
718,3852,58,19.0,58.0,68,19.0,18,19.0,2018,0.43788524,B,B,23,5735,23,1084.0,22,10,B
719,9557,24,13.0,59.0,69,18.0,25,10.0,77,0.111627393,B,B,25,12238,14,26,13,23,B
720,14719,31,23.0,19.0,70,17.0,19,25.0,2002,0.151346216,B,A,23,5889,17,830.0,15,19,B
721,13978,30,19.0,36.0,unknown,19.0,18,25.0,1977,7.81528e-05,B,B,22,6398,141,1046.0,23,23,B
722,3286,94,19.0,62.0,72,18.0,17,25.0,169,0.282797669,B,B,23,8667,13,unknown,22,18,B
723,13019,36,23.0,63.0,73,25.0,25,22.0,1997,0.300322518,B,B,52,10311,18,unknown,19,25,B
724,1421,164,19.0,64.0,74,10.0,13,10.0,29,0.486245621,B,B,10,2514,19,unknown,22,18,B
725,13502,75,19.0,65.0,75,25.0,21,23.0,52,0.307466659,B,A,30,5048,25,325.0,13,10,B
726,14811,58,19.0,66.0,unknown,19.0,25,25.0,1977,0.43788524,B,B,23,5735,23,1084.0,22,10,B
727,9297,148,13.0,67.0,77,17.0,15,25.0,1986,0.313924552,B,B,22,4625,21,3855.0,13,17,B
728,7749,119,23.0,68.0,78,21.0,25,24.0,2000,0.000995363,B,B,25,7651,19,unknown,19,10,B
729,16555,19,19.0,69.0,unknown,19.0,10,25.0,1977,0.007122317,B,B,19,264,22,unknown,22,19,B
730,14576,103,19.0,70.0,80,17.0,23,23.0,107,0.014423114,B,B,19,3806,15,unknown,22,23,B
731,12766,74,19.0,71.0,unknown,17.0,14,20.0,1977,0.075778755,B,B,18,1437,23,unknown,22,13,B
732,4679,30,13.0,72.0,17,10.0,10,10.0,69,7.81528e-05,B,B,22,6398,141,1046.0,23,23,B
733,10033,167,19.0,73.0,25,25.0,17,23.0,26,0.051942062,B,B,25,4017,25,800.0,13,22,B
734,11231,73,13.0,74.0,18,10.0,10,10.0,107,0.042031587,B,B,37,6856,84,1940.0,13,10,B
735,15112,29,19.0,75.0,19,19.0,17,24.0,2011,0.069660344,B,B,31,6119,15,unknown,19,13,B
736,10617,18,13.0,76.0,unknown,19.0,24,19.0,2014,0.243204519,B,B,10,1564,22,540.0,22,22,B
737,2175,67,19.0,77.0,21,18.0,10,25.0,1978,0.100455735,B,B,43,7227,22,unknown,19,18,A
738,16502,69,23.0,78.0,22,10.0,17,17.0,2011,0.000991363,B,B,23,6783,23,unknown,19,25,B
739,10106,10,19.0,79.0,23,17.0,25,22.0,1991,0.188783766,B,B,31,6137,15,unknown,22,19,B
740,12561,75,19.0,80.0,24,10.0,18,10.0,52,0.122090347,B,B,29,6566,25,1894.0,15,22,B
741,15907,23,13.0,81.0,25,17.0,10,23.0,2009,0.333891544,B,B,30,6564,19,unknown,22,22,B
742,8069,23,19.0,82.0,unknown,19.0,20,25.0,1977,0.075778755,B,B,18,1437,23,unknown,22,13,B
743,8316,18,19.0,83.0,unknown,22.0,25,25.0,1977,0.243204519,B,B,10,1564,22,540.0,22,22,B
744,12343,10,13.0,84.0,23,25.0,17,25.0,2000,0.090799103,B,B,74,19083,13,unknown,10,10,B
745,12092,19,19.0,85.0,29,10.0,18,25.0,29,0.341071945,B,B,12,5664,24,2300.0,23,21,B
746,1527,151,19.0,86.0,30,10.0,23,10.0,107,0.236108458,B,B,17,3893,12,unknown,23,17,B
747,10010,58,23.0,87.0,31,22.0,25,22.0,1977,0.43788524,B,B,23,5735,23,1084.0,22,10,B
748,655,23,19.0,88.0,23,17.0,10,25.0,2013,0.075778755,B,B,18,1437,23,unknown,22,13,B
749,10549,58,19.0,89.0,23,18.0,23,23.0,1981,0.43788524,B,B,23,5735,23,1084.0,22,10,B
750,3248,23,19.0,90.0,10,22.0,23,25.0,1977,0.075778755,B,B,18,1437,23,unknown,22,13,B
751,13499,21,13.0,91.0,15,23.0,25,25.0,2007,0.034331497,B,B,25,5487,23,unknown,22,15,B
752,14959,19,13.0,92.0,36,19.0,10,25.0,1977,0.007122317,B,B,19,264,22,unknown,22,19,B
753,6070,88,19.0,93.0,37,10.0,18,25.0,180,0.127375905,B,B,43,8429,23,unknown,23,25,B
754,11360,12,23.0,94.0,38,21.0,10,25.0,2007,0.07542368,B,B,21,3097,22,unknown,22,22,B
755,12102,18,23.0,95.0,unknown,22.0,25,22.0,1977,0.243204519,B,B,10,1564,22,540.0,22,22,B
756,11870,185,23.0,96.0,40,17.0,10,25.0,1991,0.025609157,B,B,23,5261,22,240.0,23,19,B
757,3713,93,19.0,97.0,41,19.0,23,21.0,2018,0.004949358,B,B,22,186,22,unknown,22,22,B
758,3230,14,19.0,98.0,25,10.0,10,10.0,1976,0.428825818,B,B,25,5011,14,730.0,22,13,B
759,7742,55,13.0,19.0,43,14.0,23,24.0,1996,0.041365446,B,B,31,5569,22,unknown,19,15,B
760,15092,10,23.0,100.0,unknown,17.0,24,20.0,1977,0.069753361,B,B,53,13670,15,unknown,19,21,B
761,8728,109,13.0,101.0,unknown,25.0,19,23.0,1977,0.093442564,B,B,23,4635,10,3300.0,13,15,B
762,3386,12,13.0,102.0,unknown,14.0,21,23.0,1977,0.011654127,B,B,15,915,22,unknown,22,22,B
763,9409,14,19.0,103.0,13,18.0,18,25.0,169,0.458174486,B,A,24,4439,19,1130.0,19,10,B
764,16545,25,13.0,104.0,unknown,22.0,24,25.0,1977,0.069753361,B,B,53,13670,15,unknown,19,21,B
765,3127,21,19.0,105.0,49,14.0,10,23.0,1976,0.0001696759999999,B,B,36,5992,22,unknown,19,19,B
766,11344,23,19.0,106.0,25,14.0,15,17.0,1980,0.265088676,B,B,37,5288,22,1937.0,23,13,B
767,2112,14,23.0,107.0,51,10.0,23,25.0,26,0.428825818,B,B,25,5011,14,730.0,22,13,B
768,7310,31,13.0,108.0,52,10.0,10,10.0,77,0.151346216,B,A,23,5889,17,830.0,15,19,B
769,6313,19,23.0,109.0,53,17.0,25,25.0,2014,0.007122317,B,B,19,264,22,unknown,22,19,B
770,3681,111,23.0,110.0,54,14.0,18,23.0,1987,0.093442564,B,B,23,4635,10,3300.0,13,15,B
771,5114,98,23.0,111.0,55,25.0,25,14.0,96,0.195781053,B,B,23,5212,18,unknown,23,13,B
772,270,83,19.0,112.0,56,18.0,14,25.0,196,0.0077202819999999,B,B,38,4788,13,unknown,22,15,B
773,14350,18,13.0,113.0,unknown,19.0,23,19.0,2014,0.243204519,B,B,10,1564,22,540.0,22,22,B
774,12223,53,23.0,114.0,58,17.0,25,17.0,1982,0.049637257,B,B,10,7759,22,229.0,19,23,B
775,1066,79,13.0,115.0,59,10.0,13,10.0,156,0.307466659,B,A,30,5048,25,325.0,13,10,B
776,16116,76,23.0,116.0,19,17.0,25,17.0,1979,22.0,B,B,25,1660,14,1786.0,19,10,B
777,11410,108,23.0,117.0,36,14.0,15,25.0,204,22.0,B,B,25,5027,15,10,19,19,B
778,4088,22,19.0,118.0,62,25.0,25,20.0,2013,0.118537385,B,B,30,6207,19,1183.0,19,22,B
779,5956,119,19.0,119.0,63,17.0,10,24.0,2010,0.000995363,B,B,25,7651,19,unknown,19,10,B
780,14669,75,19.0,120.0,64,10.0,15,25.0,1979,0.307466659,B,A,30,5048,25,325.0,13,10,B
781,13871,58,19.0,121.0,65,25.0,25,25.0,156,0.1489038909999999,B,B,25,731,19,1430.0,23,13,B
782,4126,21,13.0,122.0,66,25.0,23,25.0,1988,0.034331497,B,B,25,5487,23,unknown,22,15,B
783,12114,75,13.0,123.0,67,18.0,15,25.0,75,0.122090347,B,B,29,6566,25,1894.0,15,22,B
784,16607,13,19.0,124.0,68,10.0,18,25.0,75,22.0,B,B,23,7425,19,unknown,13,10,B
785,4266,194,13.0,125.0,69,18.0,17,23.0,196,0.174739084,B,B,25,3379,25,100.0,22,23,B
786,13518,24,13.0,126.0,70,10.0,15,23.0,75,22.0,B,B,36,6714,13,2672.0,22,13,B
787,11856,25,13.0,127.0,71,10.0,15,25.0,2006,0.069753361,B,B,53,13670,15,unknown,19,21,B
788,3885,74,13.0,128.0,unknown,19.0,17,19.0,1977,0.075778755,B,B,18,1437,23,unknown,22,13,B
789,8891,13,19.0,129.0,73,25.0,21,25.0,2009,0.197367951,B,B,14,2423,19,23,22,19,B
790,4964,31,19.0,130.0,74,10.0,18,10.0,96,0.151346216,B,A,23,5889,17,830.0,15,19,B
791,7696,23,13.0,131.0,75,19.0,10,19.0,2015,0.014072961,B,B,13,475,22,unknown,22,22,B
792,6894,84,19.0,132.0,76,22.0,18,10.0,29,0.149666373,B,B,22,4789,13,4087.0,15,19,B
793,9766,70,19.0,133.0,77,25.0,21,23.0,180,0.002211665,B,B,14,7614,23,unknown,19,10,A
794,4800,19,19.0,134.0,78,17.0,25,23.0,33,0.012338886,B,B,15,5776,19,2078.0,13,15,B
795,2840,105,19.0,135.0,79,17.0,24,23.0,196,0.040242764,B,B,25,3478,21,2729.0,23,19,B
796,4743,18,13.0,136.0,80,23.0,24,25.0,2011,0.243204519,B,B,10,1564,22,540.0,22,22,B
797,13562,78,10.0,137.0,10,17.0,10,24.0,2001,0.219006007,B,B,23,6746,23,unknown,19,15,B
798,8301,19,13.0,138.0,unknown,19.0,25,25.0,1977,0.007122317,B,B,19,264,22,unknown,22,19,B
799,5405,21,19.0,139.0,25,14.0,23,25.0,2006,0.194489265,B,B,13,8004,23,125.0,23,10,B
800,1535,22,13.0,140.0,18,10.0,18,10.0,107,0.133215333,B,B,49,11395,23,1406.0,23,15,A
801,9073,18,19.0,141.0,unknown,19.0,25,25.0,1977,0.243204519,B,B,10,1564,22,540.0,22,22,B
802,1698,10,23.0,142.0,20,17.0,19,22.0,2001,0.090799103,B,B,74,19083,13,unknown,10,10,B
803,12262,19,23.0,143.0,unknown,19.0,14,25.0,1977,0.007122317,B,B,19,264,22,unknown,22,19,B
804,6794,19,13.0,144.0,unknown,19.0,21,25.0,1977,0.007122317,B,B,19,264,22,unknown,22,19,B
805,12701,37,19.0,145.0,23,14.0,25,23.0,1983,0.232205084,B,B,24,4860,19,80.0,22,23,B
806,8432,52,13.0,146.0,24,19.0,10,25.0,1977,0.371148999,B,B,10,7065,19,750.0,13,10,B
807,13540,29,19.0,147.0,25,10.0,23,10.0,96,0.086885265,B,B,17,2277,13,1547.0,22,22,B
808,8629,19,19.0,148.0,24,14.0,23,24.0,1995,0.025609157,B,B,23,5261,22,240.0,23,19,B
809,1440,29,13.0,149.0,12,10.0,25,10.0,59,0.069660344,B,B,31,6119,15,unknown,19,13,B
810,8596,13,13.0,150.0,23,10.0,25,25.0,1978,0.101872465,B,B,23,4583,23,unknown,23,23,B
811,9575,13,23.0,10.0,29,14.0,10,23.0,1978,6.99893e-05,B,B,10,10309,19,240.0,19,17,B
812,14976,12,19.0,17.0,unknown,19.0,20,19.0,1977,0.211401214,B,B,25,1892,22,unknown,22,19,B
813,3149,141,13.0,25.0,31,10.0,14,10.0,75,22.0,B,B,23,3684,13,unknown,22,15,B
814,5157,23,13.0,18.0,23,24.0,10,19.0,2018,0.075778755,B,B,18,1437,23,unknown,22,13,B
815,10748,12,13.0,19.0,23,19.0,17,17.0,2015,0.017647053,B,B,13,469,22,unknown,22,22,B
816,9719,78,23.0,20.0,10,17.0,20,22.0,2006,0.219006007,B,B,23,6746,23,unknown,19,15,B
817,6376,13,19.0,21.0,15,25.0,25,24.0,1977,0.309479124,B,B,15,7715,15,990.0,22,18,B
818,9733,84,19.0,22.0,36,25.0,23,23.0,156,0.149666373,B,B,22,4789,13,4087.0,15,19,B
819,4749,25,23.0,23.0,37,14.0,15,17.0,2011,0.161531741,B,B,25,5648,19,30.0,13,15,B
820,4994,38,23.0,24.0,38,21.0,10,17.0,2002,0.060753049,B,B,10,2787,13,520.0,22,25,B
821,538,123,19.0,25.0,14,17.0,18,17.0,2007,22.0,B,B,13,11319,22,1145.0,23,10,B
822,5512,12,13.0,24.0,40,18.0,15,10.0,1981,0.051815435,B,B,10,1227,22,unknown,22,22,B
823,9778,22,19.0,12.0,41,17.0,15,23.0,33,0.006076152,B,B,30,5285,22,645.0,18,18,B
824,9761,12,19.0,23.0,25,17.0,25,25.0,2018,0.011654127,B,B,15,915,22,unknown,22,22,B
825,3174,10,15.0,29.0,43,17.0,18,17.0,1996,0.090799103,B,B,74,19083,13,unknown,10,10,B
826,13429,22,13.0,30.0,unknown,19.0,25,25.0,1977,0.118537385,B,B,30,6207,19,1183.0,19,22,B
827,10467,23,19.0,31.0,22,19.0,23,25.0,1977,0.034656082,B,B,22,168,22,unknown,22,22,B
828,14129,144,19.0,23.0,10,14.0,10,23.0,1982,0.306977489,B,B,12,5148,24,1575.0,10,25,B
829,13608,30,23.0,23.0,unknown,19.0,10,25.0,1977,7.81528e-05,B,B,22,6398,141,1046.0,23,23,B
830,11106,12,23.0,10.0,unknown,22.0,18,25.0,1977,0.072157581,B,B,13,629,19,unknown,22,22,A
831,12048,71,19.0,15.0,49,14.0,14,24.0,1998,0.033493708,B,B,66,10573,19,1322.0,23,14,B
832,1054,25,15.0,36.0,25,21.0,10,23.0,2006,0.158249043,B,B,21,5731,22,unknown,19,22,B
833,3582,189,13.0,37.0,51,10.0,18,10.0,29,7.81528e-05,B,B,22,6398,141,1046.0,23,23,B
834,1566,29,19.0,38.0,52,18.0,18,25.0,1977,0.069660344,B,B,31,6119,15,unknown,19,13,B
835,11529,19,13.0,14.0,53,10.0,15,10.0,29,0.036270089,B,B,18,1318,19,200.0,19,19,B
836,11859,13,19.0,40.0,54,15.0,25,10.0,104,22.0,B,B,23,7425,19,unknown,13,10,B
837,10582,19,19.0,41.0,unknown,19.0,10,22.0,1977,0.007122317,B,B,19,264,22,unknown,22,19,B
838,14907,130,15.0,25.0,56,17.0,10,25.0,77,0.21843974,B,B,21,4472,18,1450.0,15,25,A
839,14039,29,19.0,43.0,57,14.0,23,10.0,77,0.069660344,B,B,31,6119,15,unknown,19,13,B
840,10489,62,13.0,44.0,58,17.0,18,25.0,2012,0.072157581,B,B,13,629,19,unknown,22,22,A
841,3331,25,23.0,22.0,59,17.0,17,25.0,1995,0.069753361,B,B,53,13670,15,unknown,19,21,B
842,10153,19,23.0,10.0,19,19.0,17,25.0,1977,0.007122317,B,B,19,264,22,unknown,22,19,B
843,5271,52,19.0,13.0,36,14.0,19,25.0,1989,0.371148999,B,B,10,7065,19,750.0,13,10,B
844,11871,24,13.0,24.0,unknown,17.0,19,25.0,2017,0.041124634,B,B,10,9515,10,unknown,19,17,B
845,776,12,13.0,49.0,63,10.0,18,10.0,1978,0.051815435,B,B,10,1227,22,unknown,22,22,B
846,3994,23,13.0,25.0,64,25.0,15,10.0,1986,0.014072961,B,B,13,475,22,unknown,22,22,B
847,9433,23,19.0,51.0,unknown,19.0,24,23.0,2018,0.034656082,B,B,22,168,22,unknown,22,22,B
848,14275,12,19.0,52.0,66,19.0,25,25.0,2017,0.072157581,B,B,13,629,19,unknown,22,22,A
849,8030,19,13.0,53.0,67,25.0,10,10.0,224,0.309479124,B,B,15,7715,15,990.0,22,18,B
850,8169,36,13.0,54.0,unknown,22.0,10,22.0,1977,0.300322518,B,B,52,10311,18,unknown,19,25,B
851,8053,41,19.0,55.0,69,14.0,10,25.0,1994,0.036122292,B,B,24,4378,22,1036.0,19,19,B
852,4822,58,23.0,56.0,70,18.0,15,25.0,69,0.050755569,B,B,24,5469,19,145.0,22,19,B
853,13197,19,13.0,57.0,71,18.0,15,17.0,26,0.033493708,B,B,66,10573,19,1322.0,23,14,B
854,13634,56,19.0,58.0,72,19.0,18,25.0,2016,22.0,B,B,23,5067,15,unknown,13,18,B
855,8951,127,13.0,59.0,73,10.0,15,10.0,77,0.486245621,B,B,10,2514,19,unknown,22,18,B
856,12176,145,13.0,19.0,74,17.0,18,25.0,1988,22.0,B,B,30,5562,22,unknown,22,10,A
857,15471,23,19.0,36.0,75,18.0,14,25.0,33,0.050900058,B,B,43,10621,19,30.0,13,23,B
858,14962,19,19.0,62.0,unknown,18.0,23,23.0,2016,0.014580716,B,B,23,760,19,unknown,22,22,B
859,12512,12,19.0,63.0,unknown,22.0,13,22.0,1977,0.017647053,B,B,13,469,22,unknown,22,22,B
860,8697,54,23.0,64.0,unknown,25.0,15,25.0,2013,0.006076152,B,B,30,5285,22,645.0,18,18,B
861,7095,19,13.0,65.0,79,25.0,10,24.0,1998,0.033493708,B,B,66,10573,19,1322.0,23,14,B
862,13639,25,13.0,66.0,80,25.0,18,10.0,2007,0.161531741,B,B,25,5648,19,30.0,13,15,B
863,16660,74,13.0,67.0,10,10.0,13,10.0,107,0.371148999,B,B,10,7065,19,750.0,13,10,B
864,5848,19,19.0,68.0,unknown,19.0,25,25.0,1977,0.007122317,B,B,19,264,22,unknown,22,19,B
865,5386,85,19.0,69.0,25,17.0,19,22.0,1989,0.037177818,B,B,52,11217,19,2300.0,19,25,B
866,10880,169,13.0,70.0,unknown,19.0,24,25.0,1977,0.178916796,B,B,18,3594,15,192.0,19,10,B
867,3954,13,19.0,71.0,19,14.0,23,23.0,1983,6.99893e-05,B,B,10,10309,19,240.0,19,17,B
868,13426,209,23.0,72.0,20,18.0,15,10.0,75,0.040242764,B,B,25,3478,21,2729.0,23,19,B
869,5966,53,13.0,73.0,21,10.0,14,25.0,107,0.049637257,B,B,10,7759,22,229.0,19,23,B
870,16315,52,23.0,74.0,22,17.0,19,25.0,1988,0.371148999,B,B,10,7065,19,750.0,13,10,B
871,7455,36,13.0,75.0,23,25.0,18,25.0,29,0.08761909,B,B,14,1497,10,unknown,19,22,B
872,11071,55,13.0,76.0,24,25.0,10,25.0,1997,0.041365446,B,B,31,5569,22,unknown,19,15,B
873,14740,111,13.0,77.0,25,10.0,18,25.0,1977,0.135649789,B,B,10,7960,18,350.0,23,21,B
874,16087,112,19.0,78.0,24,14.0,19,18.0,2008,0.069660344,B,B,31,6119,15,unknown,19,13,B
875,8931,25,23.0,79.0,12,17.0,25,10.0,2016,0.161531741,B,B,25,5648,19,30.0,13,15,B
876,15289,58,13.0,80.0,23,19.0,15,23.0,1977,0.43788524,B,B,23,5735,23,1084.0,22,10,B
877,16089,66,13.0,81.0,29,25.0,13,10.0,204,0.161975568,B,A,31,7010,10,4508.0,23,25,B
878,12128,18,13.0,82.0,unknown,22.0,24,25.0,1977,0.243204519,B,B,10,1564,22,540.0,22,22,B
879,4724,19,23.0,83.0,31,18.0,25,25.0,196,0.012338886,B,B,15,5776,19,2078.0,13,15,B
880,8585,13,13.0,84.0,23,18.0,18,25.0,196,0.035145267,B,B,25,9292,23,2620.0,22,23,B
881,7188,59,19.0,85.0,unknown,19.0,17,25.0,1977,0.019508796,B,B,37,7687,21,176.0,10,10,B
882,5423,23,13.0,86.0,10,10.0,18,25.0,2012,0.075778755,B,B,18,1437,23,unknown,22,13,B
883,10488,23,23.0,87.0,unknown,19.0,19,25.0,1977,0.075778755,B,B,18,1437,23,unknown,22,13,B
884,5980,19,23.0,88.0,36,18.0,15,25.0,52,0.012338886,B,B,15,5776,19,2078.0,13,15,B
885,8376,74,13.0,89.0,unknown,22.0,18,22.0,1977,0.075778755,B,B,18,1437,23,unknown,22,13,B
886,12397,12,19.0,90.0,38,19.0,17,23.0,2016,0.072157581,B,B,13,629,19,unknown,22,22,A
887,16496,15,19.0,91.0,14,25.0,21,13.0,52,0.327018035,B,B,23,2270,23,2500.0,19,22,B
888,4891,18,23.0,92.0,40,25.0,25,24.0,1987,22.0,B,B,30,5562,22,unknown,22,10,A
889,9710,12,13.0,93.0,41,22.0,10,22.0,1977,0.211401214,B,B,25,1892,22,unknown,22,19,B
890,6339,14,19.0,94.0,25,25.0,13,24.0,2010,0.43788524,B,B,23,5735,23,1084.0,22,10,B
891,244,19,13.0,95.0,unknown,22.0,25,22.0,1977,0.014580716,B,B,23,760,19,unknown,22,22,B
892,5002,19,23.0,96.0,44,19.0,10,25.0,2016,0.007122317,B,B,19,264,22,unknown,22,19,B
893,5358,62,13.0,97.0,unknown,19.0,10,19.0,1977,0.072157581,B,B,13,629,19,unknown,22,22,A
894,7636,18,13.0,98.0,unknown,22.0,14,25.0,1977,0.243204519,B,B,10,1564,22,540.0,22,22,B
895,9361,96,23.0,19.0,13,17.0,21,22.0,1997,0.041116354,B,B,53,14892,15,unknown,19,15,B
896,3601,30,19.0,100.0,24,19.0,10,21.0,2016,7.81528e-05,B,B,22,6398,141,1046.0,23,23,B
897,15755,14,19.0,101.0,49,25.0,25,10.0,1979,0.428825818,B,B,25,5011,14,730.0,22,13,B
898,172,18,13.0,102.0,unknown,19.0,25,25.0,1977,0.243204519,B,B,10,1564,22,540.0,22,22,B
899,3037,156,13.0,103.0,51,21.0,25,17.0,1981,0.007658515,B,B,15,7077,56,2301.0,23,19,B
900,577,100,23.0,104.0,52,10.0,10,10.0,224,0.200146802,B,B,23,3975,14,770.0,13,22,B
901,3607,94,13.0,105.0,53,14.0,23,23.0,1981,0.127375905,B,B,43,8429,23,unknown,23,25,B
902,2515,23,19.0,106.0,unknown,19.0,15,17.0,2016,0.014072961,B,B,13,475,22,unknown,22,22,B
903,10413,78,19.0,107.0,55,18.0,18,25.0,196,0.092290642,B,B,21,4346,13,165.0,19,13,B
904,10511,119,13.0,108.0,56,14.0,18,25.0,1997,0.000995363,B,B,25,7651,19,unknown,19,10,B
905,4637,22,15.0,109.0,57,17.0,17,22.0,2007,0.319809354,B,B,25,4756,17,2857.0,10,14,B
906,12736,25,23.0,110.0,58,17.0,17,22.0,1987,0.136244425,B,B,21,2370,22,unknown,22,19,B
907,9534,41,13.0,111.0,59,14.0,18,25.0,1984,0.175054867,B,B,36,10055,23,unknown,19,22,B
908,11641,12,13.0,112.0,unknown,19.0,13,18.0,1977,0.07542368,B,B,21,3097,22,unknown,22,22,B
909,10419,85,15.0,113.0,36,18.0,14,25.0,1981,0.037177818,B,B,52,11217,19,2300.0,19,25,B
910,15313,76,19.0,114.0,62,25.0,23,25.0,29,22.0,B,B,25,1660,14,1786.0,19,10,B
911,14915,17,13.0,115.0,63,18.0,10,24.0,169,0.089039719,B,B,23,7976,10,unknown,22,21,B
912,12409,19,23.0,116.0,64,17.0,18,25.0,1996,0.000991363,B,B,23,6783,23,unknown,19,25,B
913,9405,18,19.0,117.0,unknown,19.0,25,25.0,1977,0.243204519,B,B,10,1564,22,540.0,22,22,B
914,14066,79,13.0,118.0,66,25.0,10,25.0,1979,0.307466659,B,A,30,5048,25,325.0,13,10,B
915,14108,25,19.0,119.0,67,25.0,25,25.0,75,22.0,B,B,18,3374,10,620.0,19,13,B
916,11931,25,23.0,120.0,68,19.0,21,19.0,1977,0.161531741,B,B,25,5648,19,30.0,13,15,B
917,11464,59,13.0,121.0,unknown,19.0,25,20.0,2017,22.0,B,B,18,3374,10,620.0,19,13,B
918,926,21,19.0,122.0,70,10.0,18,10.0,104,0.034331497,B,B,25,5487,23,unknown,22,15,B
919,11190,18,23.0,123.0,unknown,19.0,17,25.0,1977,0.243204519,B,B,10,1564,22,540.0,22,22,B
920,10260,18,13.0,124.0,unknown,22.0,19,25.0,1977,0.243204519,B,B,10,1564,22,540.0,22,22,B
921,12712,23,13.0,125.0,73,25.0,10,23.0,180,0.050900058,B,B,43,10621,19,30.0,13,23,B
922,1234,19,13.0,126.0,74,19.0,23,22.0,2016,0.007122317,B,B,19,264,22,unknown,22,19,B
923,11608,12,19.0,127.0,unknown,19.0,19,22.0,1977,0.211401214,B,B,25,1892,22,unknown,22,19,B
924,3776,13,23.0,128.0,76,18.0,21,23.0,1978,6.99893e-05,B,B,10,10309,19,240.0,19,17,B
925,4881,19,13.0,129.0,77,19.0,25,25.0,1977,0.007122317,B,B,19,264,22,unknown,22,19,B
926,10266,23,23.0,130.0,78,19.0,15,23.0,2015,0.034656082,B,B,22,168,22,unknown,22,22,B
927,3262,37,23.0,131.0,79,18.0,10,25.0,33,0.127811589,B,B,23,7287,10,320.0,19,23,B
928,3576,121,23.0,132.0,80,17.0,23,24.0,1998,0.212515361,B,B,19,3293,17,628.0,23,25,B
929,16604,25,23.0,133.0,10,22.0,15,22.0,1977,22.0,B,B,18,3374,10,620.0,19,13,B
930,8041,76,19.0,134.0,17,25.0,14,23.0,26,22.0,B,B,25,1660,14,1786.0,19,10,B
931,10691,23,23.0,135.0,unknown,19.0,19,25.0,1977,0.075778755,B,B,18,1437,23,unknown,22,13,B
932,8357,75,19.0,136.0,18,14.0,10,24.0,156,0.307466659,B,A,30,5048,25,325.0,13,10,B
933,11661,21,19.0,137.0,19,10.0,23,10.0,75,0.194489265,B,B,13,8004,23,125.0,23,10,B
934,4453,23,13.0,138.0,20,14.0,23,25.0,1986,0.090799103,B,B,74,19083,13,unknown,10,10,B
935,15936,18,23.0,139.0,unknown,19.0,25,25.0,1977,0.243204519,B,B,10,1564,22,540.0,22,22,B
936,8463,19,13.0,140.0,22,21.0,21,24.0,2006,0.309479124,B,B,15,7715,15,990.0,22,18,B
937,15770,122,13.0,141.0,23,23.0,13,17.0,1997,0.033493708,B,B,66,10573,19,1322.0,23,14,B
938,466,90,19.0,142.0,24,25.0,21,23.0,169,0.265088676,B,B,37,5288,22,1937.0,23,13,B
939,14965,23,19.0,143.0,unknown,19.0,18,25.0,1977,0.034656082,B,B,22,168,22,unknown,22,22,B
940,11227,118,19.0,144.0,24,25.0,23,10.0,731,0.21843974,B,B,21,4472,18,1450.0,15,25,A
941,9894,19,23.0,145.0,12,25.0,14,17.0,1981,0.033493708,B,B,66,10573,19,1322.0,23,14,B
942,11746,66,13.0,146.0,23,10.0,15,10.0,104,0.161975568,B,A,31,7010,10,4508.0,23,25,B
943,4118,19,19.0,147.0,unknown,19.0,13,22.0,1977,0.007122317,B,B,19,264,22,unknown,22,19,B
944,756,85,23.0,148.0,30,17.0,24,17.0,1982,0.037177818,B,B,52,11217,19,2300.0,19,25,B
945,15589,71,13.0,149.0,31,21.0,10,17.0,1983,0.407276235,A,B,25,1768,22,370.0,22,22,A
946,109,38,13.0,150.0,23,19.0,12,24.0,2017,0.060753049,B,B,10,2787,13,520.0,22,25,B
947,5778,18,13.0,10.0,23,25.0,17,23.0,1982,22.0,B,B,30,5562,22,unknown,22,10,A
948,1731,23,13.0,17.0,10,17.0,15,23.0,2016,0.005767451,B,B,19,388,22,unknown,22,22,B
949,3450,93,19.0,25.0,15,14.0,15,24.0,1986,0.521867054,B,B,25,6149,22,unknown,22,22,B
950,2961,103,19.0,18.0,36,14.0,13,25.0,2000,0.0006991189999999,B,B,24,3369,24,4129.0,22,23,B
951,222,13,19.0,19.0,37,25.0,15,24.0,26,0.309479124,B,B,15,7715,15,990.0,22,18,B
952,11454,23,15.0,20.0,38,25.0,10,10.0,204,0.118537385,B,B,30,6207,19,1183.0,19,22,B
953,7339,18,13.0,21.0,unknown,19.0,23,25.0,1977,0.243204519,B,B,10,1564,22,540.0,22,22,B
954,12096,12,19.0,22.0,40,19.0,23,19.0,1977,0.211401214,B,B,25,1892,22,unknown,22,19,B
955,14074,62,13.0,23.0,41,18.0,13,25.0,1976,0.002211665,B,B,14,7614,23,unknown,19,10,A
956,4058,12,18.0,24.0,25,17.0,13,13.0,2017,0.041116354,B,B,53,14892,15,unknown,19,15,B
957,6603,49,13.0,25.0,43,14.0,10,10.0,104,0.020741326,B,B,24,5613,10,1340.0,13,10,B
958,3289,62,19.0,24.0,unknown,22.0,24,22.0,1977,0.072157581,B,B,13,629,19,unknown,22,22,A
959,16681,58,23.0,12.0,22,17.0,17,24.0,1996,0.1489038909999999,B,B,25,731,19,1430.0,23,13,B
960,8200,10,23.0,23.0,10,23.0,14,23.0,2006,0.158249043,B,B,21,5731,22,unknown,19,22,B
961,3343,58,22.0,29.0,13,22.0,23,23.0,1977,0.43788524,B,B,23,5735,23,1084.0,22,10,B
962,7802,145,19.0,30.0,24,14.0,24,24.0,107,22.0,B,B,30,5562,22,unknown,22,10,A
963,2082,177,23.0,31.0,49,25.0,15,14.0,77,22.0,B,B,36,6714,13,2672.0,22,13,B
964,217,80,13.0,23.0,25,17.0,21,25.0,1989,22.0,B,B,14,8647,22,810.0,22,10,B
965,1720,44,13.0,23.0,51,10.0,23,10.0,107,0.232205084,B,B,24,4860,19,80.0,22,23,B
966,7224,67,23.0,10.0,52,14.0,18,25.0,1977,0.100455735,B,B,43,7227,22,unknown,19,18,A
967,6176,12,13.0,15.0,53,19.0,24,25.0,2014,0.072157581,B,B,13,629,19,unknown,22,22,A
968,12571,13,13.0,36.0,54,17.0,17,17.0,196,0.130617806,B,B,14,10418,25,900.0,19,25,B
969,16666,25,13.0,37.0,55,14.0,12,25.0,2002,22.0,B,B,18,3374,10,620.0,19,13,B
970,8908,22,13.0,38.0,unknown,19.0,10,25.0,1977,0.118537385,B,B,30,6207,19,1183.0,19,22,B
971,6914,93,13.0,14.0,57,18.0,18,25.0,1978,0.050900058,B,B,43,10621,19,30.0,13,23,B
972,5428,12,13.0,40.0,unknown,36.0,23,25.0,1977,0.072157581,B,B,13,629,19,unknown,22,22,A
973,381,19,13.0,41.0,unknown,19.0,21,25.0,1977,0.007122317,B,B,19,264,22,unknown,22,19,B
974,3991,44,19.0,25.0,19,17.0,21,18.0,2004,0.232205084,B,B,24,4860,19,80.0,22,23,B
975,16365,178,13.0,43.0,36,25.0,17,23.0,1976,0.212515361,B,B,19,3293,17,628.0,23,25,B
976,1046,10,23.0,44.0,62,18.0,19,25.0,180,0.150817539,B,B,17,3433,15,2643.0,15,10,B
977,391,19,19.0,22.0,63,18.0,14,25.0,196,0.012338886,B,B,15,5776,19,2078.0,13,15,B
978,9212,121,23.0,10.0,64,25.0,23,23.0,1976,0.212515361,B,B,19,3293,17,628.0,23,25,B
979,3022,83,19.0,13.0,65,25.0,17,25.0,2000,0.0077202819999999,B,B,38,4788,13,unknown,22,15,B
980,9961,23,19.0,24.0,unknown,19.0,23,25.0,1977,0.014072961,B,B,13,475,22,unknown,22,22,B
981,6764,104,13.0,49.0,67,18.0,10,10.0,1007,7.81528e-05,B,B,22,6398,141,1046.0,23,23,B
982,7720,24,19.0,25.0,68,18.0,23,25.0,1981,0.041124634,B,B,10,9515,10,unknown,19,17,B
983,4809,19,13.0,51.0,69,19.0,10,25.0,2016,0.007122317,B,B,19,264,22,unknown,22,19,B
984,8877,55,23.0,52.0,70,17.0,17,25.0,1989,0.041365446,B,B,31,5569,22,unknown,19,15,B
985,7817,81,13.0,53.0,71,10.0,10,10.0,59,0.006076152,B,B,30,5285,22,645.0,18,18,B
986,10614,12,19.0,54.0,unknown,19.0,23,19.0,1977,0.211401214,B,B,25,1892,22,unknown,22,19,B
987,5553,22,23.0,55.0,unknown,19.0,25,19.0,1977,0.118537385,B,B,30,6207,19,1183.0,19,22,B
988,16488,25,19.0,56.0,74,25.0,17,22.0,1988,0.136244425,B,B,21,2370,22,unknown,22,19,B
989,11002,119,13.0,57.0,75,18.0,10,25.0,69,0.033493708,B,B,66,10573,19,1322.0,23,14,B
990,13592,31,23.0,58.0,76,25.0,23,25.0,77,22.0,B,B,23,3684,13,unknown,22,15,B
991,15050,23,23.0,59.0,77,18.0,18,25.0,169,0.118537385,B,B,30,6207,19,1183.0,19,22,B
992,13553,94,13.0,19.0,unknown,22.0,23,24.0,1977,0.282797669,B,B,23,8667,13,unknown,22,18,B
993,9041,12,13.0,36.0,79,10.0,25,24.0,2009,0.051815435,B,B,10,1227,22,unknown,22,22,B
994,5461,155,15.0,62.0,80,18.0,15,18.0,1020,0.042307271,B,B,25,2810,25,4849.0,23,18,B
995,16274,113,19.0,63.0,10,19.0,21,20.0,2014,0.050755569,B,B,24,5469,19,145.0,22,19,B
996,2138,12,19.0,64.0,17,19.0,19,19.0,1977,0.017647053,B,B,13,469,22,unknown,22,22,B
997,6245,23,13.0,65.0,unknown,19.0,14,25.0,1977,0.075778755,B,B,18,1437,23,unknown,22,13,B
998,8245,123,13.0,66.0,18,10.0,13,25.0,156,22.0,B,B,13,11319,22,1145.0,23,10,B
999,6491,18,23.0,67.0,19,19.0,18,19.0,2016,0.243204519,B,B,10,1564,22,540.0,22,22,B
